weather_id,park_id,date,temperature_2m_max,temperature_2m_min,precipitation_sum,windspeed_10m_max,relative_humidity_2m_mean
1,ANA01,2023-06-30,80.3,57.0,0.0,9.5,78
2,ANA01,2023-07-01,81.2,58.9,0.008,10.9,79
3,ANA01,2023-07-02,81.6,58.7,0.0,11.6,80
4,ANA01,2023-07-03,79.9,55.8,0.0,10.1,80
5,ANA01,2023-07-04,78.9,57.0,0.0,9.8,75
6,ANA01,2023-07-05,78.9,56.8,0.0,9.3,72
7,ANA01,2023-07-06,76.2,57.6,0.0,9.7,75
8,ANA01,2023-07-07,76.8,57.1,0.0,9.8,71
9,ANA01,2023-07-08,77.6,55.9,0.0,9.6,75
10,ANA01,2023-07-09,78.4,57.1,0.0,9.1,73
11,ANA01,2023-07-10,81.3,58.1,0.0,10.3,72
12,ANA01,2023-07-11,85.6,60.1,0.0,10.4,66
13,ANA01,2023-07-12,91.4,61.0,0.0,11.2,54
14,ANA01,2023-07-13,89.2,62.7,0.0,11.5,56
15,ANA01,2023-07-14,90.3,60.3,0.0,9.4,59
16,ANA01,2023-07-15,82.6,61.1,0.0,10.7,74
17,ANA01,2023-07-16,86.0,61.6,0.0,9.7,75
18,ANA01,2023-07-17,86.3,63.0,0.0,9.8,71
19,ANA01,2023-07-18,87.9,61.5,0.0,10.9,68
20,ANA01,2023-07-19,91.0,62.5,0.0,11.0,64
21,ANA01,2023-07-20,89.7,62.4,0.0,10.0,66
22,ANA01,2023-07-21,85.6,62.2,0.0,9.5,69
23,ANA01,2023-07-22,86.1,60.5,0.0,9.8,70
24,ANA01,2023-07-23,92.5,61.3,0.0,11.0,76
25,ANA01,2023-07-24,86.1,63.9,0.0,10.9,77
26,ANA01,2023-07-25,91.9,63.8,0.0,11.2,67
27,ANA01,2023-07-26,95.4,65.0,0.0,10.1,55
28,ANA01,2023-07-27,94.8,64.1,0.0,9.8,63
29,ANA01,2023-07-28,86.8,64.1,0.0,11.1,75
30,ANA01,2023-07-29,90.6,63.0,0.0,11.5,74
31,ANA01,2023-07-30,87.4,66.6,0.0,9.3,78
32,ANA01,2023-07-31,97.0,67.4,0.0,13.7,66
33,ANA01,2023-08-01,89.7,69.0,0.004,10.1,63
34,ANA01,2023-08-02,85.9,64.7,0.0,10.8,68
35,ANA01,2023-08-03,83.9,62.0,0.0,11.5,68
36,ANA01,2023-08-04,83.4,62.9,0.0,10.2,73
37,ANA01,2023-08-05,87.8,61.9,0.0,10.1,73
38,ANA01,2023-08-06,89.9,62.6,0.0,11.1,75
39,ANA01,2023-08-07,87.1,59.8,0.0,12.3,70
40,ANA01,2023-08-08,83.5,62.6,0.016,10.8,72
41,ANA01,2023-08-09,79.6,66.7,0.055,9.4,78
42,ANA01,2023-08-10,77.5,67.5,0.173,9.2,78
43,ANA01,2023-08-11,79.6,67.1,0.0,10.2,74
44,ANA01,2023-08-12,82.5,62.4,0.0,9.9,75
45,ANA01,2023-08-13,81.9,63.9,0.0,10.8,77
46,ANA01,2023-08-14,83.4,64.4,0.0,10.9,77
47,ANA01,2023-08-15,87.8,63.0,0.0,10.8,74
48,ANA01,2023-08-16,92.4,65.8,0.0,10.1,67
49,ANA01,2023-08-17,86.8,62.1,0.0,10.5,73
50,ANA01,2023-08-18,86.9,62.1,0.0,10.2,73
51,ANA01,2023-08-19,79.6,60.7,0.0,11.8,71
52,ANA01,2023-08-20,80.9,70.1,1.945,26.2,83
53,ANA01,2023-08-21,77.5,65.7,0.283,12.6,81
54,ANA01,2023-08-22,80.3,63.3,0.0,8.6,83
55,ANA01,2023-08-23,80.4,64.2,0.0,7.6,84
56,ANA01,2023-08-24,77.2,63.6,0.0,7.4,87
57,ANA01,2023-08-25,80.2,59.5,0.0,8.9,85
58,ANA01,2023-08-26,82.9,62.2,0.0,7.6,82
59,ANA01,2023-08-27,88.5,62.1,0.0,7.1,71
60,ANA01,2023-08-28,91.5,64.8,0.0,7.7,67
61,ANA01,2023-08-29,94.1,63.1,0.0,8.3,65
62,ANA01,2023-08-30,93.5,65.7,0.0,9.5,66
63,ANA01,2023-08-31,82.4,65.4,0.0,11.4,81
64,ARL03,2023-06-30,98.6,79.6,0.0,13.4,53
65,ARL03,2023-07-01,93.0,78.1,0.0,14.1,57
66,ARL03,2023-07-02,89.7,73.6,0.598,12.1,72
67,ARL03,2023-07-03,95.6,76.6,0.106,16.8,62
68,ARL03,2023-07-04,94.8,74.7,0.11,16.5,68
69,ARL03,2023-07-05,95.5,79.8,0.028,11.7,61
70,ARL03,2023-07-06,93.9,79.0,0.008,17.8,64
71,ARL03,2023-07-07,95.4,77.4,0.0,16.1,61
72,ARL03,2023-07-08,96.7,79.0,0.362,12.8,62
73,ARL03,2023-07-09,90.7,78.9,1.067,13.5,74
74,ARL03,2023-07-10,92.1,75.4,0.492,12.0,80
75,ARL03,2023-07-11,94.2,76.6,0.555,14.7,75
76,ARL03,2023-07-12,101.4,81.4,0.0,14.3,56
77,ARL03,2023-07-13,102.1,81.1,0.0,18.0,56
78,ARL03,2023-07-14,102.4,82.6,0.0,16.5,50
79,ARL03,2023-07-15,98.4,81.5,0.016,16.1,57
80,ARL03,2023-07-16,90.4,76.1,0.465,13.6,76
81,ARL03,2023-07-17,103.8,77.3,0.0,14.9,51
82,ARL03,2023-07-18,106.5,83.7,0.0,16.0,39
83,ARL03,2023-07-19,104.5,82.8,0.0,15.4,43
84,ARL03,2023-07-20,101.8,81.6,0.0,15.7,47
85,ARL03,2023-07-21,101.6,82.3,0.0,11.8,44
86,ARL03,2023-07-22,93.3,77.2,0.0,13.8,53
87,ARL03,2023-07-23,95.5,72.7,0.0,10.5,51
88,ARL03,2023-07-24,100.9,77.1,0.0,13.8,43
89,ARL03,2023-07-25,102.8,80.8,0.0,13.5,41
90,ARL03,2023-07-26,101.2,81.3,0.0,12.2,42
91,ARL03,2023-07-27,100.7,81.3,0.0,12.6,39
92,ARL03,2023-07-28,100.8,81.7,0.0,9.4,39
93,ARL03,2023-07-29,100.8,81.5,0.0,8.7,38
94,ARL03,2023-07-30,102.2,81.1,0.0,6.7,35
95,ARL03,2023-07-31,104.8,82.3,0.0,10.3,36
96,ARL03,2023-08-01,106.0,83.3,0.0,11.1,38
97,ARL03,2023-08-02,105.7,87.1,0.0,12.3,35
98,ARL03,2023-08-03,105.5,84.7,0.0,14.2,35
99,ARL03,2023-08-04,104.7,84.5,0.0,14.2,39
100,ARL03,2023-08-05,105.2,85.8,0.0,13.7,38
101,ARL03,2023-08-06,104.4,85.7,0.0,13.7,38
102,ARL03,2023-08-07,103.4,84.7,0.0,15.7,43
103,ARL03,2023-08-08,101.8,82.9,0.114,16.5,45
104,ARL03,2023-08-09,106.2,83.6,0.0,17.9,43
105,ARL03,2023-08-10,107.3,85.4,0.0,16.2,43
106,ARL03,2023-08-11,107.2,84.6,0.0,16.0,41
107,ARL03,2023-08-12,107.6,82.1,0.0,17.6,42
108,ARL03,2023-08-13,106.4,82.7,0.0,15.6,42
109,ARL03,2023-08-14,100.5,84.0,0.0,15.9,42
110,ARL03,2023-08-15,94.1,77.4,0.0,13.0,36
111,ARL03,2023-08-16,94.7,72.3,0.0,9.2,40
112,ARL03,2023-08-17,107.7,77.0,0.0,9.3,31
113,ARL03,2023-08-18,107.9,85.4,0.0,9.6,29
114,ARL03,2023-08-19,106.1,85.2,0.0,13.6,31
115,ARL03,2023-08-20,106.1,82.8,0.0,14.6,36
116,ARL03,2023-08-21,104.1,83.0,0.012,12.2,41
117,ARL03,2023-08-22,102.8,84.1,0.0,11.9,42
118,ARL03,2023-08-23,102.8,83.3,0.0,9.0,43
119,ARL03,2023-08-24,103.5,86.2,0.0,7.0,38
120,ARL03,2023-08-25,106.7,85.4,0.0,15.6,36
121,ARL03,2023-08-26,106.2,88.3,0.0,8.2,31
122,ARL03,2023-08-27,94.6,79.7,0.146,12.6,56
123,ARL03,2023-08-28,93.2,78.2,0.0,14.0,51
124,ARL03,2023-08-29,96.3,76.5,0.0,11.1,46
125,ARL03,2023-08-30,98.1,77.2,0.0,12.8,39
126,ARL03,2023-08-31,95.8,75.0,0.0,9.2,42
127,ATL03,2023-06-30,90.9,67.1,0.031,7.1,73
128,ATL03,2023-07-01,92.3,70.7,0.177,13.4,76
129,ATL03,2023-07-02,91.2,71.2,0.118,10.7,78
130,ATL03,2023-07-03,88.6,71.0,0.079,9.2,78
131,ATL03,2023-07-04,87.3,70.5,0.339,6.0,81
132,ATL03,2023-07-05,86.7,69.6,0.291,8.8,83
133,ATL03,2023-07-06,91.0,70.2,0.035,7.0,75
134,ATL03,2023-07-07,89.0,71.1,0.039,7.5,81
135,ATL03,2023-07-08,89.3,70.5,0.075,11.7,79
136,ATL03,2023-07-09,86.5,70.2,0.354,9.4,83
137,ATL03,2023-07-10,83.6,68.4,0.811,6.5,84
138,ATL03,2023-07-11,86.9,66.5,0.0,5.5,70
139,ATL03,2023-07-12,87.4,66.2,0.004,8.0,72
140,ATL03,2023-07-13,88.2,70.7,0.071,7.4,82
141,ATL03,2023-07-14,89.7,70.4,0.059,5.5,80
142,ATL03,2023-07-15,89.9,71.5,0.102,12.4,80
143,ATL03,2023-07-16,91.0,72.4,0.0,9.7,68
144,ATL03,2023-07-17,91.2,66.7,0.0,6.6,58
145,ATL03,2023-07-18,91.2,66.7,0.0,7.6,68
146,ATL03,2023-07-19,89.8,70.5,0.008,10.4,74
147,ATL03,2023-07-20,92.2,71.4,0.134,11.1,79
148,ATL03,2023-07-21,90.0,71.4,0.886,10.5,88
149,ATL03,2023-07-22,83.8,68.1,0.366,10.3,85
150,ATL03,2023-07-23,85.4,67.4,0.008,8.9,74
151,ATL03,2023-07-24,87.1,65.5,0.004,6.4,67
152,ATL03,2023-07-25,89.8,66.6,0.016,6.7,72
153,ATL03,2023-07-26,92.0,68.8,0.0,4.3,71
154,ATL03,2023-07-27,93.7,68.9,0.0,5.2,69
155,ATL03,2023-07-28,93.7,71.3,0.016,4.9,69
156,ATL03,2023-07-29,91.1,73.0,0.0,9.6,78
157,ATL03,2023-07-30,86.3,72.1,0.13,8.8,76
158,ATL03,2023-07-31,92.0,70.2,0.0,8.8,62
159,ATL03,2023-08-01,91.7,68.9,0.0,8.1,55
160,ATL03,2023-08-02,88.6,70.9,0.075,9.3,66
161,ATL03,2023-08-03,85.2,72.1,1.0,10.4,83
162,ATL03,2023-08-04,83.9,71.1,0.945,10.9,86
163,ATL03,2023-08-05,88.5,71.2,0.024,6.3,82
164,ATL03,2023-08-06,85.2,71.9,0.283,10.9,88
165,ATL03,2023-08-07,89.9,70.8,0.417,13.5,88
166,ATL03,2023-08-08,85.5,70.1,0.031,13.6,83
167,ATL03,2023-08-09,88.3,65.1,0.264,6.9,81
168,ATL03,2023-08-10,84.7,69.5,0.673,13.7,85
169,ATL03,2023-08-11,86.2,70.1,0.594,9.9,87
170,ATL03,2023-08-12,89.2,69.6,0.118,10.5,88
171,ATL03,2023-08-13,89.9,70.2,0.012,8.4,82
172,ATL03,2023-08-14,91.7,72.3,0.205,7.8,80
173,ATL03,2023-08-15,84.3,73.1,0.335,10.0,82
174,ATL03,2023-08-16,83.6,64.5,0.0,7.4,69
175,ATL03,2023-08-17,84.6,62.6,0.0,8.8,69
176,ATL03,2023-08-18,85.9,66.0,0.0,9.0,70
177,ATL03,2023-08-19,88.0,65.3,0.0,5.4,65
178,ATL03,2023-08-20,90.6,67.9,0.0,6.3,62
179,ATL03,2023-08-21,93.0,68.5,0.0,7.0,64
180,ATL03,2023-08-22,95.3,73.7,0.0,7.0,66
181,ATL03,2023-08-23,92.5,74.1,0.0,9.6,68
182,ATL03,2023-08-24,93.5,72.2,0.63,15.4,75
183,ATL03,2023-08-25,94.5,71.3,0.024,9.4,75
184,ATL03,2023-08-26,95.8,74.5,0.004,9.0,65
185,ATL03,2023-08-27,93.7,72.4,0.327,7.9,68
186,ATL03,2023-08-28,89.4,71.2,1.098,11.6,85
187,ATL03,2023-08-29,86.9,70.8,0.563,8.3,89
188,ATL03,2023-08-30,80.6,70.1,0.283,10.8,90
189,ATL03,2023-08-31,84.6,64.3,0.02,7.7,75
190,BAL12,2023-06-30,82.0,63.0,0.02,9.7,80
191,BAL12,2023-07-01,82.4,66.7,0.839,9.7,87
192,BAL12,2023-07-02,86.7,70.5,0.157,8.5,85
193,BAL12,2023-07-03,90.2,70.6,0.748,9.0,79
194,BAL12,2023-07-04,87.1,70.6,0.165,10.1,80
195,BAL12,2023-07-05,88.6,71.8,0.031,6.4,75
196,BAL12,2023-07-06,84.5,71.4,0.122,7.9,82
197,BAL12,2023-07-07,87.6,71.3,0.047,8.1,84
198,BAL12,2023-07-08,86.4,71.4,0.118,8.5,85
199,BAL12,2023-07-09,82.3,69.8,0.465,9.7,91
200,BAL12,2023-07-10,86.3,65.7,0.008,9.4,75
201,BAL12,2023-07-11,88.8,66.0,0.0,9.7,65
202,BAL12,2023-07-12,90.3,66.6,0.0,10.9,61
203,BAL12,2023-07-13,93.3,68.8,0.02,10.8,64
204,BAL12,2023-07-14,88.0,71.2,0.142,9.7,77
205,BAL12,2023-07-15,87.9,68.7,0.453,9.3,86
206,BAL12,2023-07-16,82.7,72.5,0.854,7.1,91
207,BAL12,2023-07-17,90.2,70.1,0.0,12.9,71
208,BAL12,2023-07-18,90.7,69.6,0.0,7.9,66
209,BAL12,2023-07-19,84.0,71.6,0.217,9.8,81
210,BAL12,2023-07-20,84.3,69.5,0.024,6.7,80
211,BAL12,2023-07-21,88.2,70.2,0.055,9.7,70
212,BAL12,2023-07-22,85.8,67.0,0.0,10.3,57
213,BAL12,2023-07-23,86.0,65.4,0.012,9.2,59
214,BAL12,2023-07-24,81.8,68.7,0.783,8.4,80
215,BAL12,2023-07-25,80.1,67.5,0.752,9.8,90
216,BAL12,2023-07-26,85.8,66.0,0.0,10.0,81
217,BAL12,2023-07-27,96.9,73.2,0.016,13.2,76
218,BAL12,2023-07-28,94.1,74.1,0.177,11.0,79
219,BAL12,2023-07-29,96.3,73.2,0.012,16.5,70
220,BAL12,2023-07-30,85.5,67.6,0.0,9.7,64
221,BAL12,2023-07-31,85.3,65.8,0.012,9.6,65
222,BAL12,2023-08-01,83.1,63.9,0.004,8.1,54
223,BAL12,2023-08-02,80.2,60.9,0.0,9.7,57
224,BAL12,2023-08-03,82.2,64.3,0.012,13.8,65
225,BAL12,2023-08-04,80.5,65.9,0.016,8.7,77
226,BAL12,2023-08-05,84.5,66.6,0.02,8.7,79
227,BAL12,2023-08-06,86.2,67.3,0.543,12.4,77
228,BAL12,2023-08-07,89.1,71.5,0.591,14.5,84
229,BAL12,2023-08-08,86.4,70.9,0.0,17.2,66
230,BAL12,2023-08-09,85.8,66.4,0.0,11.2,63
231,BAL12,2023-08-10,78.3,69.3,0.807,11.5,84
232,BAL12,2023-08-11,86.6,67.9,0.0,10.3,67
233,BAL12,2023-08-12,89.0,68.7,0.008,8.7,69
234,BAL12,2023-08-13,90.5,73.2,0.0,10.8,60
235,BAL12,2023-08-14,88.8,69.3,0.189,9.4,73
236,BAL12,2023-08-15,89.8,74.0,0.11,11.2,77
237,BAL12,2023-08-16,85.5,68.1,0.0,9.3,62
238,BAL12,2023-08-17,85.9,64.8,0.35,10.3,77
239,BAL12,2023-08-18,83.8,68.5,0.35,13.0,62
240,BAL12,2023-08-19,83.5,60.7,0.0,7.7,51
241,BAL12,2023-08-20,88.6,60.0,0.0,8.1,62
242,BAL12,2023-08-21,93.9,66.6,0.0,4.7,64
243,BAL12,2023-08-22,84.1,69.7,0.0,12.0,52
244,BAL12,2023-08-23,81.9,61.7,0.0,6.3,53
245,BAL12,2023-08-24,83.0,67.9,0.193,13.8,68
246,BAL12,2023-08-25,92.8,68.7,0.118,9.1,75
247,BAL12,2023-08-26,90.7,71.7,0.02,7.9,72
248,BAL12,2023-08-27,86.7,69.7,0.016,8.3,61
249,BAL12,2023-08-28,79.4,71.1,0.063,13.1,78
250,BAL12,2023-08-29,84.0,70.9,0.063,8.2,76
251,BAL12,2023-08-30,88.2,71.3,0.012,12.0,63
252,BAL12,2023-08-31,82.0,65.3,0.0,12.6,48
253,BOS07,2023-06-30,78.5,62.6,0.016,9.9,81
254,BOS07,2023-07-01,74.4,62.3,0.0,11.2,88
255,BOS07,2023-07-02,76.4,64.1,0.236,12.3,91
256,BOS07,2023-07-03,78.6,67.4,0.559,11.9,87
257,BOS07,2023-07-04,76.3,67.0,0.37,5.9,91
258,BOS07,2023-07-05,87.3,67.4,0.0,6.8,78
259,BOS07,2023-07-06,89.2,70.0,0.02,9.1,77
260,BOS07,2023-07-07,88.2,67.7,0.0,10.7,71
261,BOS07,2023-07-08,82.5,70.2,0.024,11.2,86
262,BOS07,2023-07-09,79.8,68.4,0.016,10.2,90
263,BOS07,2023-07-10,75.2,68.4,0.232,12.8,94
264,BOS07,2023-07-11,85.2,64.7,0.008,11.2,76
265,BOS07,2023-07-12,89.3,67.2,0.051,7.6,72
266,BOS07,2023-07-13,88.0,68.2,0.0,15.7,73
267,BOS07,2023-07-14,83.9,69.5,0.591,11.3,84
268,BOS07,2023-07-15,82.1,69.7,0.181,10.9,86
269,BOS07,2023-07-16,75.6,70.9,1.035,15.4,95
270,BOS07,2023-07-17,88.5,70.6,0.008,8.1,75
271,BOS07,2023-07-18,84.7,70.0,0.256,10.5,83
272,BOS07,2023-07-19,83.7,69.3,0.02,9.8,75
273,BOS07,2023-07-20,80.1,64.8,0.0,9.9,73
274,BOS07,2023-07-21,80.1,64.8,1.283,10.0,84
275,BOS07,2023-07-22,81.9,65.8,0.004,7.3,76
276,BOS07,2023-07-23,84.3,64.0,0.0,6.7,64
277,BOS07,2023-07-24,84.8,65.9,0.051,10.0,70
278,BOS07,2023-07-25,84.2,65.8,0.531,11.4,85
279,BOS07,2023-07-26,88.9,66.1,0.0,10.4,70
280,BOS07,2023-07-27,89.1,70.3,0.035,18.7,76
281,BOS07,2023-07-28,90.9,71.2,0.0,8.5,73
282,BOS07,2023-07-29,87.1,65.3,1.409,14.2,79
283,BOS07,2023-07-30,76.2,57.9,0.0,12.0,70
284,BOS07,2023-07-31,79.5,59.2,0.0,11.3,67
285,BOS07,2023-08-01,75.1,57.8,0.0,9.0,63
286,BOS07,2023-08-02,74.8,55.4,0.0,8.6,63
287,BOS07,2023-08-03,81.6,58.1,0.0,17.5,63
288,BOS07,2023-08-04,77.6,64.2,0.299,12.8,78
289,BOS07,2023-08-05,79.6,62.2,0.008,6.1,80
290,BOS07,2023-08-06,82.4,59.2,0.0,7.6,64
291,BOS07,2023-08-07,77.1,63.5,0.024,12.8,78
292,BOS07,2023-08-08,81.4,68.9,0.78,12.8,88
293,BOS07,2023-08-09,82.6,66.5,0.059,16.3,70
294,BOS07,2023-08-10,82.6,64.7,0.24,13.7,74
295,BOS07,2023-08-11,80.1,64.0,0.004,16.4,70
296,BOS07,2023-08-12,81.5,59.3,0.0,9.0,71
297,BOS07,2023-08-13,85.2,70.1,0.067,11.5,78
298,BOS07,2023-08-14,83.1,64.8,0.004,13.3,66
299,BOS07,2023-08-15,71.7,66.2,0.63,11.3,90
300,BOS07,2023-08-16,70.6,64.8,0.146,8.4,90
301,BOS07,2023-08-17,72.2,63.4,0.0,10.5,91
302,BOS07,2023-08-18,81.0,64.9,0.622,11.2,88
303,BOS07,2023-08-19,72.7,59.9,0.0,15.3,69
304,BOS07,2023-08-20,82.5,61.4,0.0,10.1,66
305,BOS07,2023-08-21,84.8,65.2,0.311,8.7,75
306,BOS07,2023-08-22,77.3,60.7,0.008,10.3,63
307,BOS07,2023-08-23,75.3,56.5,0.0,7.9,63
308,BOS07,2023-08-24,78.1,56.1,0.008,11.4,66
309,BOS07,2023-08-25,73.0,62.4,1.346,16.6,91
310,BOS07,2023-08-26,82.3,69.2,0.028,9.9,82
311,BOS07,2023-08-27,73.4,63.0,0.114,9.6,89
312,BOS07,2023-08-28,73.7,59.7,0.0,10.3,88
313,BOS07,2023-08-29,74.5,63.4,0.012,10.9,89
314,BOS07,2023-08-30,81.1,65.7,0.972,16.1,83
315,BOS07,2023-08-31,71.7,60.3,0.0,13.2,65
316,CHI11,2023-06-30,81.4,70.2,0.075,14.4,92
317,CHI11,2023-07-01,78.9,69.1,0.579,10.8,95
318,CHI11,2023-07-02,70.0,61.6,4.488,27.1,99
319,CHI11,2023-07-03,72.8,62.0,0.0,12.1,82
320,CHI11,2023-07-04,83.3,65.4,0.004,12.2,80
321,CHI11,2023-07-05,82.8,69.1,1.835,12.1,89
322,CHI11,2023-07-06,70.6,64.3,0.031,13.0,88
323,CHI11,2023-07-07,72.5,63.7,0.004,11.2,79
324,CHI11,2023-07-08,68.6,63.5,0.417,12.1,83
325,CHI11,2023-07-09,77.4,59.7,0.008,11.0,75
326,CHI11,2023-07-10,84.5,62.9,0.0,14.7,66
327,CHI11,2023-07-11,83.1,65.6,0.315,12.9,76
328,CHI11,2023-07-12,74.0,62.8,1.724,21.2,86
329,CHI11,2023-07-13,73.2,60.9,0.0,10.4,84
330,CHI11,2023-07-14,87.3,67.2,0.091,16.4,78
331,CHI11,2023-07-15,81.6,68.8,0.224,9.9,84
332,CHI11,2023-07-16,81.9,66.1,0.0,17.7,66
333,CHI11,2023-07-17,72.6,65.1,0.0,13.2,75
334,CHI11,2023-07-18,72.1,62.2,0.0,10.3,74
335,CHI11,2023-07-19,76.4,60.8,0.0,9.8,80
336,CHI11,2023-07-20,85.4,67.5,0.039,18.7,72
337,CHI11,2023-07-21,73.7,65.1,0.0,13.5,79
338,CHI11,2023-07-22,82.1,63.3,0.0,8.1,70
339,CHI11,2023-07-23,77.1,64.4,0.0,10.6,81
340,CHI11,2023-07-24,79.1,66.0,0.0,10.4,83
341,CHI11,2023-07-25,83.8,64.8,0.0,12.2,77
342,CHI11,2023-07-26,89.3,72.9,0.815,17.1,81
343,CHI11,2023-07-27,82.1,70.9,0.0,8.9,90
344,CHI11,2023-07-28,88.7,71.5,0.512,17.7,86
345,CHI11,2023-07-29,73.6,67.8,0.043,14.7,85
346,CHI11,2023-07-30,74.4,64.5,0.0,12.7,80
347,CHI11,2023-07-31,76.5,61.9,0.008,9.8,71
348,CHI11,2023-08-01,81.8,64.9,0.008,8.8,70
349,CHI11,2023-08-02,82.2,65.9,0.0,10.1,70
350,CHI11,2023-08-03,81.0,64.8,0.0,9.0,83
351,CHI11,2023-08-04,77.3,68.9,0.0,14.4,85
352,CHI11,2023-08-05,72.4,68.0,0.661,15.0,91
353,CHI11,2023-08-06,70.2,66.2,0.248,19.3,88
354,CHI11,2023-08-07,72.5,66.1,0.016,14.8,80
355,CHI11,2023-08-08,82.8,62.9,0.004,8.6,70
356,CHI11,2023-08-09,80.6,64.8,0.0,9.7,79
357,CHI11,2023-08-10,81.2,63.2,0.067,9.3,80
358,CHI11,2023-08-11,81.6,68.1,0.102,16.7,85
359,CHI11,2023-08-12,78.5,69.5,0.307,11.9,80
360,CHI11,2023-08-13,74.7,64.8,0.087,12.1,82
361,CHI11,2023-08-14,73.7,63.6,0.976,18.8,90
362,CHI11,2023-08-15,69.4,63.0,0.114,20.4,84
363,CHI11,2023-08-16,79.6,58.4,0.0,14.6,73
364,CHI11,2023-08-17,78.7,65.0,0.583,18.9,65
365,CHI11,2023-08-18,72.6,57.8,0.0,12.7,68
366,CHI11,2023-08-19,78.9,61.2,0.016,15.4,72
367,CHI11,2023-08-20,80.5,68.3,0.0,11.0,85
368,CHI11,2023-08-21,72.9,67.9,0.0,14.4,86
369,CHI11,2023-08-22,80.2,67.7,0.0,12.8,87
370,CHI11,2023-08-23,96.8,76.4,0.0,16.4,77
371,CHI11,2023-08-24,97.3,78.2,0.72,23.9,78
372,CHI11,2023-08-25,75.5,70.1,0.004,14.7,88
373,CHI11,2023-08-26,72.8,64.3,0.055,21.7,88
374,CHI11,2023-08-27,68.9,62.5,0.0,13.9,74
375,CHI11,2023-08-28,73.8,61.5,0.0,8.4,68
376,CHI11,2023-08-29,82.6,63.2,0.028,18.8,72
377,CHI11,2023-08-30,65.2,60.0,0.039,18.3,73
378,CHI11,2023-08-31,69.9,59.7,0.0,8.7,73
379,CHI12,2023-06-30,87.2,70.4,0.0,9.3,82
380,CHI12,2023-07-01,79.8,70.0,0.921,9.3,90
381,CHI12,2023-07-02,70.5,62.4,5.425,26.1,98
382,CHI12,2023-07-03,74.7,61.7,0.0,10.3,82
383,CHI12,2023-07-04,85.3,64.8,0.004,9.6,74
384,CHI12,2023-07-05,85.5,69.8,1.531,12.2,84
385,CHI12,2023-07-06,70.4,64.6,0.039,12.0,89
386,CHI12,2023-07-07,73.5,63.8,0.004,10.6,80
387,CHI12,2023-07-08,69.0,63.0,0.307,12.4,84
388,CHI12,2023-07-09,79.0,59.6,0.012,9.9,70
389,CHI12,2023-07-10,84.3,62.1,0.0,13.8,64
390,CHI12,2023-07-11,83.8,65.1,0.276,16.0,77
391,CHI12,2023-07-12,77.4,62.9,1.331,18.4,85
392,CHI12,2023-07-13,74.1,60.7,0.0,10.1,84
393,CHI12,2023-07-14,87.8,67.0,0.24,16.1,77
394,CHI12,2023-07-15,82.9,68.7,0.228,9.9,81
395,CHI12,2023-07-16,81.9,65.8,0.0,16.7,64
396,CHI12,2023-07-17,74.2,64.7,0.0,12.0,71
397,CHI12,2023-07-18,73.0,61.4,0.0,10.2,74
398,CHI12,2023-07-19,78.4,59.5,0.0,9.0,77
399,CHI12,2023-07-20,85.9,67.0,0.035,16.9,72
400,CHI12,2023-07-21,74.5,64.8,0.004,13.4,78
401,CHI12,2023-07-22,82.8,62.1,0.0,7.9,66
402,CHI12,2023-07-23,79.3,64.3,0.0,9.3,75
403,CHI12,2023-07-24,82.1,65.6,0.0,11.1,74
404,CHI12,2023-07-25,87.6,65.4,0.0,10.3,67
405,CHI12,2023-07-26,89.6,73.1,0.831,18.0,79
406,CHI12,2023-07-27,83.8,70.7,0.0,9.0,88
407,CHI12,2023-07-28,89.9,72.3,0.909,18.1,83
408,CHI12,2023-07-29,74.3,68.3,0.035,14.8,85
409,CHI12,2023-07-30,74.8,64.2,0.004,14.0,81
410,CHI12,2023-07-31,77.1,60.9,0.008,10.2,70
411,CHI12,2023-08-01,82.2,64.0,0.012,8.6,69
412,CHI12,2023-08-02,82.9,65.1,0.0,9.7,68
413,CHI12,2023-08-03,82.4,64.2,0.0,8.3,80
414,CHI12,2023-08-04,78.2,68.8,0.0,14.6,83
415,CHI12,2023-08-05,73.2,67.6,0.917,14.3,89
416,CHI12,2023-08-06,70.3,66.0,0.228,19.3,86
417,CHI12,2023-08-07,73.3,65.9,0.024,14.4,81
418,CHI12,2023-08-08,82.3,61.9,0.016,8.5,67
419,CHI12,2023-08-09,80.7,64.0,0.0,9.1,78
420,CHI12,2023-08-10,82.0,62.6,0.098,9.3,78
421,CHI12,2023-08-11,82.1,67.6,0.343,17.7,83
422,CHI12,2023-08-12,79.5,69.5,0.307,12.3,79
423,CHI12,2023-08-13,75.8,64.0,0.047,12.5,81
424,CHI12,2023-08-14,73.8,63.7,0.917,20.8,88
425,CHI12,2023-08-15,70.2,63.2,0.157,19.6,84
426,CHI12,2023-08-16,79.4,57.7,0.0,14.6,73
427,CHI12,2023-08-17,78.7,63.9,0.409,19.0,66
428,CHI12,2023-08-18,72.9,56.9,0.0,12.7,68
429,CHI12,2023-08-19,79.8,60.3,0.012,15.2,71
430,CHI12,2023-08-20,81.8,68.0,0.0,11.0,85
431,CHI12,2023-08-21,73.6,67.8,0.0,14.4,87
432,CHI12,2023-08-22,82.3,67.6,0.0,11.5,86
433,CHI12,2023-08-23,97.9,76.3,0.0,16.9,76
434,CHI12,2023-08-24,98.6,78.6,0.858,19.2,76
435,CHI12,2023-08-25,76.5,70.0,0.008,13.1,88
436,CHI12,2023-08-26,72.9,64.5,0.031,21.9,87
437,CHI12,2023-08-27,69.3,62.2,0.0,14.3,75
438,CHI12,2023-08-28,74.2,61.6,0.0,8.8,67
439,CHI12,2023-08-29,84.0,62.2,0.008,18.4,70
440,CHI12,2023-08-30,66.0,59.5,0.012,18.7,73
441,CHI12,2023-08-31,71.1,58.4,0.0,9.2,71
442,CIN09,2023-06-30,86.7,69.3,0.248,9.3,78
443,CIN09,2023-07-01,85.6,69.9,0.783,11.7,84
444,CIN09,2023-07-02,82.9,70.9,0.283,17.9,84
445,CIN09,2023-07-03,82.0,69.4,0.114,10.5,78
446,CIN09,2023-07-04,85.9,68.2,0.016,5.7,74
447,CIN09,2023-07-05,87.6,69.3,0.0,5.2,70
448,CIN09,2023-07-06,84.3,70.5,0.236,8.3,78
449,CIN09,2023-07-07,86.1,66.0,0.0,6.2,63
450,CIN09,2023-07-08,85.0,69.0,0.177,10.4,78
451,CIN09,2023-07-09,79.7,65.5,0.039,9.6,75
452,CIN09,2023-07-10,83.2,62.6,0.0,4.7,64
453,CIN09,2023-07-11,87.1,64.6,0.0,7.8,59
454,CIN09,2023-07-12,90.0,66.9,0.0,9.4,59
455,CIN09,2023-07-13,89.5,73.5,0.043,9.8,71
456,CIN09,2023-07-14,90.8,67.8,0.142,6.0,65
457,CIN09,2023-07-15,77.6,71.0,0.5,7.3,83
458,CIN09,2023-07-16,86.6,67.9,0.0,11.9,70
459,CIN09,2023-07-17,85.0,68.4,0.22,9.2,75
460,CIN09,2023-07-18,84.7,65.4,0.236,11.5,85
461,CIN09,2023-07-19,84.9,68.0,0.031,7.0,84
462,CIN09,2023-07-20,89.7,69.4,0.209,10.1,76
463,CIN09,2023-07-21,81.1,66.6,0.0,9.1,72
464,CIN09,2023-07-22,81.1,63.2,0.028,4.8,65
465,CIN09,2023-07-23,85.0,63.6,0.008,7.6,65
466,CIN09,2023-07-24,85.7,66.2,0.165,9.3,77
467,CIN09,2023-07-25,87.9,65.0,0.0,5.2,73
468,CIN09,2023-07-26,91.9,68.5,0.031,15.1,70
469,CIN09,2023-07-27,90.9,75.8,0.098,14.0,76
470,CIN09,2023-07-28,91.8,74.4,0.303,8.1,81
471,CIN09,2023-07-29,89.7,74.0,0.0,11.2,69
472,CIN09,2023-07-30,85.9,68.4,0.0,8.0,64
473,CIN09,2023-07-31,82.9,65.8,0.0,9.5,59
474,CIN09,2023-08-01,83.6,61.0,0.0,6.2,57
475,CIN09,2023-08-02,86.8,62.2,0.0,6.9,59
476,CIN09,2023-08-03,87.9,67.1,0.0,5.9,62
477,CIN09,2023-08-04,90.0,66.9,0.0,6.0,62
478,CIN09,2023-08-05,93.0,69.2,0.008,9.9,61
479,CIN09,2023-08-06,86.1,70.5,0.154,13.5,73
480,CIN09,2023-08-07,77.5,68.1,1.839,11.7,85
481,CIN09,2023-08-08,80.4,64.4,0.181,7.2,73
482,CIN09,2023-08-09,83.6,64.8,0.315,10.5,78
483,CIN09,2023-08-10,80.3,67.0,0.067,11.8,78
484,CIN09,2023-08-11,84.7,66.5,0.0,7.9,72
485,CIN09,2023-08-12,89.3,71.0,0.024,14.8,75
486,CIN09,2023-08-13,87.8,63.3,0.0,7.0,66
487,CIN09,2023-08-14,84.1,69.6,1.169,10.7,84
488,CIN09,2023-08-15,73.2,62.9,0.031,13.9,78
489,CIN09,2023-08-16,79.5,60.6,0.0,5.9,73
490,CIN09,2023-08-17,83.2,62.5,0.091,15.6,73
491,CIN09,2023-08-18,77.3,59.4,0.0,9.2,67
492,CIN09,2023-08-19,82.4,57.7,0.0,6.7,66
493,CIN09,2023-08-20,90.6,63.7,0.0,7.0,63
494,CIN09,2023-08-21,92.7,73.3,0.0,4.8,72
495,CIN09,2023-08-22,89.3,72.4,0.0,7.3,66
496,CIN09,2023-08-23,93.2,70.0,0.15,16.4,67
497,CIN09,2023-08-24,87.9,70.7,0.421,10.5,82
498,CIN09,2023-08-25,93.8,74.4,0.098,10.0,78
499,CIN09,2023-08-26,84.1,72.0,0.295,7.5,83
500,CIN09,2023-08-27,82.4,65.8,0.0,8.7,69
501,CIN09,2023-08-28,81.1,60.3,0.0,7.7,62
502,CIN09,2023-08-29,82.0,59.6,0.0,6.7,65
503,CIN09,2023-08-30,76.3,62.4,0.0,9.9,67
504,CIN09,2023-08-31,76.8,55.4,0.0,9.6,64
505,CLE08,2023-06-30,79.0,67.8,0.004,11.8,80
506,CLE08,2023-07-01,76.3,70.4,0.205,11.7,88
507,CLE08,2023-07-02,74.3,69.5,0.689,12.6,90
508,CLE08,2023-07-03,73.6,68.6,0.201,11.7,88
509,CLE08,2023-07-04,77.1,68.7,0.0,6.5,83
510,CLE08,2023-07-05,79.5,69.3,0.0,9.0,81
511,CLE08,2023-07-06,79.4,72.5,0.236,13.1,80
512,CLE08,2023-07-07,72.9,68.4,0.016,13.8,75
513,CLE08,2023-07-08,76.6,64.9,0.398,11.7,77
514,CLE08,2023-07-09,70.1,67.0,0.039,11.7,86
515,CLE08,2023-07-10,76.1,65.7,0.0,9.2,69
516,CLE08,2023-07-11,81.8,68.5,0.012,13.2,69
517,CLE08,2023-07-12,75.1,68.7,0.146,10.9,85
518,CLE08,2023-07-13,73.7,68.2,0.642,22.7,79
519,CLE08,2023-07-14,77.4,65.8,0.0,9.1,80
520,CLE08,2023-07-15,80.6,70.3,0.063,10.2,79
521,CLE08,2023-07-16,77.8,67.6,0.047,13.0,82
522,CLE08,2023-07-17,74.9,68.5,0.0,10.0,79
523,CLE08,2023-07-18,73.9,68.6,0.004,10.8,69
524,CLE08,2023-07-19,74.4,65.1,0.0,11.8,75
525,CLE08,2023-07-20,82.9,65.7,0.433,26.7,80
526,CLE08,2023-07-21,73.0,66.4,0.008,14.4,82
527,CLE08,2023-07-22,76.6,67.4,0.0,8.9,64
528,CLE08,2023-07-23,80.4,66.6,0.024,12.8,70
529,CLE08,2023-07-24,75.9,65.8,0.0,10.5,78
530,CLE08,2023-07-25,78.1,66.9,0.0,7.9,77
531,CLE08,2023-07-26,84.2,69.7,0.016,20.8,78
532,CLE08,2023-07-27,78.3,69.8,0.138,17.8,87
533,CLE08,2023-07-28,85.8,71.2,0.319,11.9,87
534,CLE08,2023-07-29,75.1,70.4,0.055,20.3,85
535,CLE08,2023-07-30,73.9,67.3,0.012,9.5,68
536,CLE08,2023-07-31,73.8,65.7,0.02,11.5,66
537,CLE08,2023-08-01,74.2,65.3,0.031,8.4,67
538,CLE08,2023-08-02,77.4,64.0,0.0,9.3,70
539,CLE08,2023-08-03,76.4,66.0,0.0,10.2,75
540,CLE08,2023-08-04,76.0,71.0,0.008,11.5,79
541,CLE08,2023-08-05,72.4,68.4,0.004,12.2,81
542,CLE08,2023-08-06,81.0,68.6,0.287,15.7,77
543,CLE08,2023-08-07,72.0,67.2,0.126,18.7,84
544,CLE08,2023-08-08,73.8,66.1,0.0,19.0,75
545,CLE08,2023-08-09,79.5,67.0,0.016,10.4,74
546,CLE08,2023-08-10,75.1,68.8,0.343,14.0,82
547,CLE08,2023-08-11,77.9,68.3,0.008,14.9,73
548,CLE08,2023-08-12,79.5,69.3,0.224,13.8,86
549,CLE08,2023-08-13,76.9,70.1,0.0,9.9,75
550,CLE08,2023-08-14,75.6,69.2,0.248,12.5,82
551,CLE08,2023-08-15,71.5,68.2,0.205,12.9,82
552,CLE08,2023-08-16,73.9,67.2,0.142,12.6,70
553,CLE08,2023-08-17,76.2,65.9,0.346,17.2,75
554,CLE08,2023-08-18,67.6,63.0,0.02,18.7,72
555,CLE08,2023-08-19,70.7,61.2,0.0,10.6,75
556,CLE08,2023-08-20,81.8,66.5,0.0,10.2,76
557,CLE08,2023-08-21,76.3,70.5,0.004,12.5,86
558,CLE08,2023-08-22,71.7,65.0,0.0,14.1,77
559,CLE08,2023-08-23,80.6,63.1,1.181,19.8,81
560,CLE08,2023-08-24,83.9,71.0,0.579,19.5,83
561,CLE08,2023-08-25,76.3,69.2,0.201,17.6,89
562,CLE08,2023-08-26,74.1,64.4,0.0,16.3,84
563,CLE08,2023-08-27,67.9,62.3,0.02,16.2,81
564,CLE08,2023-08-28,68.5,61.2,0.0,10.9,77
565,CLE08,2023-08-29,72.9,58.1,0.004,11.1,82
566,CLE08,2023-08-30,69.4,60.3,0.071,18.0,81
567,CLE08,2023-08-31,64.0,59.3,0.012,14.6,75
568,DEN02,2023-06-30,69.7,54.0,0.35,13.0,72
569,DEN02,2023-07-01,80.3,49.5,0.0,8.7,54
570,DEN02,2023-07-02,83.3,52.2,0.008,16.0,55
571,DEN02,2023-07-03,89.0,52.3,0.0,10.6,45
572,DEN02,2023-07-04,80.2,56.2,0.256,15.9,59
573,DEN02,2023-07-05,73.8,56.3,0.209,13.4,79
574,DEN02,2023-07-06,74.8,57.7,0.016,9.2,75
575,DEN02,2023-07-07,75.9,54.4,0.016,14.8,74
576,DEN02,2023-07-08,77.5,55.0,0.012,13.3,75
577,DEN02,2023-07-09,80.5,54.4,0.004,8.7,71
578,DEN02,2023-07-10,92.6,53.2,0.0,15.1,54
579,DEN02,2023-07-11,94.1,54.0,0.0,7.9,42
580,DEN02,2023-07-12,91.5,57.4,0.0,8.2,39
581,DEN02,2023-07-13,91.8,58.6,0.0,12.9,43
582,DEN02,2023-07-14,82.0,58.2,0.012,14.1,51
583,DEN02,2023-07-15,79.0,59.1,0.02,7.0,62
584,DEN02,2023-07-16,90.3,56.4,0.0,11.2,42
585,DEN02,2023-07-17,98.8,56.7,0.0,20.9,33
586,DEN02,2023-07-18,94.9,60.8,0.0,11.2,36
587,DEN02,2023-07-19,90.2,65.1,0.024,16.3,52
588,DEN02,2023-07-20,82.8,60.7,0.441,16.7,73
589,DEN02,2023-07-21,82.9,55.8,0.0,8.7,62
590,DEN02,2023-07-22,88.5,54.5,0.0,11.4,49
591,DEN02,2023-07-23,95.7,55.0,0.0,13.6,43
592,DEN02,2023-07-24,95.8,60.7,0.0,15.1,43
593,DEN02,2023-07-25,95.7,63.7,0.0,16.6,44
594,DEN02,2023-07-26,90.4,60.9,0.0,8.5,49
595,DEN02,2023-07-27,93.7,60.1,0.024,13.7,50
596,DEN02,2023-07-28,92.5,58.5,0.055,9.5,53
597,DEN02,2023-07-29,87.6,58.7,0.0,12.5,60
598,DEN02,2023-07-30,92.9,59.6,0.0,13.6,47
599,DEN02,2023-07-31,86.3,67.6,0.685,12.0,61
600,DEN02,2023-08-01,86.0,62.7,0.177,11.8,74
601,DEN02,2023-08-02,84.7,57.7,0.024,11.4,68
602,DEN02,2023-08-03,82.0,59.8,0.012,8.5,67
603,DEN02,2023-08-04,87.6,56.0,0.008,7.8,55
604,DEN02,2023-08-05,83.0,57.8,0.031,18.9,52
605,DEN02,2023-08-06,72.9,56.5,0.016,9.9,65
606,DEN02,2023-08-07,80.0,51.9,0.091,9.1,64
607,DEN02,2023-08-08,82.0,51.8,0.016,12.7,59
608,DEN02,2023-08-09,81.5,52.5,0.0,9.6,52
609,DEN02,2023-08-10,89.9,54.1,0.0,11.5,43
610,DEN02,2023-08-11,88.5,56.0,0.0,12.8,43
611,DEN02,2023-08-12,86.5,60.6,0.0,9.0,43
612,DEN02,2023-08-13,76.0,60.2,0.0,12.1,50
613,DEN02,2023-08-14,78.8,56.9,0.0,8.6,47
614,DEN02,2023-08-15,91.7,52.7,0.0,10.6,45
615,DEN02,2023-08-16,94.0,57.3,0.0,12.6,35
616,DEN02,2023-08-17,94.6,63.0,0.0,16.1,40
617,DEN02,2023-08-18,94.7,65.1,0.043,10.9,40
618,DEN02,2023-08-19,96.0,60.9,0.012,14.9,45
619,DEN02,2023-08-20,96.2,60.8,0.0,22.8,45
620,DEN02,2023-08-21,99.2,66.3,0.0,24.7,21
621,DEN02,2023-08-22,95.1,66.0,0.0,17.3,24
622,DEN02,2023-08-23,93.8,61.2,0.0,8.2,32
623,DEN02,2023-08-24,90.8,64.5,0.031,14.1,47
624,DEN02,2023-08-25,72.1,60.2,0.563,14.4,76
625,DEN02,2023-08-26,77.2,57.8,0.031,6.8,75
626,DEN02,2023-08-27,84.2,56.7,0.051,10.9,73
627,DEN02,2023-08-28,77.4,55.8,0.02,12.3,73
628,DEN02,2023-08-29,83.3,51.9,0.0,4.0,60
629,DEN02,2023-08-30,93.0,52.6,0.0,9.0,53
630,DEN02,2023-08-31,95.0,55.7,0.0,8.6,37
631,DET05,2023-06-30,86.4,67.0,0.016,11.5,75
632,DET05,2023-07-01,81.6,66.6,0.15,8.3,82
633,DET05,2023-07-02,78.5,68.5,0.843,7.7,89
634,DET05,2023-07-03,80.2,66.8,0.051,8.6,82
635,DET05,2023-07-04,84.3,64.2,0.008,7.8,74
636,DET05,2023-07-05,87.6,68.4,0.016,10.1,68
637,DET05,2023-07-06,86.1,69.6,0.142,13.7,78
638,DET05,2023-07-07,79.3,62.9,0.0,10.1,66
639,DET05,2023-07-08,75.7,66.7,1.024,13.2,81
640,DET05,2023-07-09,77.1,61.0,0.024,10.7,76
641,DET05,2023-07-10,86.4,62.5,0.0,13.8,63
642,DET05,2023-07-11,88.3,66.6,1.004,18.8,64
643,DET05,2023-07-12,76.6,64.4,0.402,10.5,78
644,DET05,2023-07-13,76.8,61.0,0.528,23.8,74
645,DET05,2023-07-14,80.9,60.4,0.004,11.9,79
646,DET05,2023-07-15,74.2,67.4,0.26,14.9,87
647,DET05,2023-07-16,82.7,64.8,0.0,19.1,69
648,DET05,2023-07-17,81.9,64.5,0.0,11.0,60
649,DET05,2023-07-18,78.0,58.8,0.016,7.1,63
650,DET05,2023-07-19,81.6,59.5,0.0,12.6,68
651,DET05,2023-07-20,89.9,68.1,0.142,17.0,70
652,DET05,2023-07-21,80.3,62.8,0.0,11.5,67
653,DET05,2023-07-22,82.0,60.3,0.0,9.1,63
654,DET05,2023-07-23,81.9,60.9,0.035,12.1,69
655,DET05,2023-07-24,85.2,63.1,0.0,8.2,68
656,DET05,2023-07-25,87.0,64.8,0.0,10.7,65
657,DET05,2023-07-26,87.3,68.6,0.937,21.3,78
658,DET05,2023-07-27,86.2,71.2,0.138,11.7,77
659,DET05,2023-07-28,89.0,69.6,0.0,9.2,78
660,DET05,2023-07-29,80.7,69.0,0.075,16.6,75
661,DET05,2023-07-30,79.6,63.3,0.024,14.0,64
662,DET05,2023-07-31,78.8,59.4,0.02,11.1,61
663,DET05,2023-08-01,75.8,62.0,0.055,8.7,75
664,DET05,2023-08-02,82.8,65.2,0.031,9.7,68
665,DET05,2023-08-03,87.3,64.4,0.0,8.7,65
666,DET05,2023-08-04,83.8,68.0,0.0,11.2,65
667,DET05,2023-08-05,78.2,63.5,0.0,11.5,71
668,DET05,2023-08-06,77.4,67.9,0.295,15.7,83
669,DET05,2023-08-07,74.1,64.6,0.0,16.0,76
670,DET05,2023-08-08,83.6,61.0,0.008,13.7,65
671,DET05,2023-08-09,82.8,63.4,0.004,14.2,67
672,DET05,2023-08-10,80.1,64.0,0.016,15.2,66
673,DET05,2023-08-11,80.6,58.2,0.157,13.9,68
674,DET05,2023-08-12,80.7,67.4,0.15,15.1,75
675,DET05,2023-08-13,81.6,62.3,0.024,11.6,68
676,DET05,2023-08-14,76.9,64.8,0.213,13.6,77
677,DET05,2023-08-15,74.8,63.8,0.622,17.8,86
678,DET05,2023-08-16,79.7,58.8,0.0,9.7,73
679,DET05,2023-08-17,77.2,64.3,0.823,22.7,76
680,DET05,2023-08-18,72.6,56.7,0.0,17.6,61
681,DET05,2023-08-19,75.4,52.6,0.0,9.2,69
682,DET05,2023-08-20,85.1,63.3,0.0,8.9,74
683,DET05,2023-08-21,80.0,64.6,0.0,14.6,77
684,DET05,2023-08-22,72.8,60.3,0.0,10.5,69
685,DET05,2023-08-23,78.6,64.1,1.26,13.9,81
686,DET05,2023-08-24,87.4,71.4,0.591,18.9,86
687,DET05,2023-08-25,78.3,68.2,0.031,11.9,83
688,DET05,2023-08-26,76.7,60.0,0.012,15.1,80
689,DET05,2023-08-27,70.2,56.8,0.0,10.8,68
690,DET05,2023-08-28,72.1,51.9,0.0,7.0,76
691,DET05,2023-08-29,78.2,55.6,0.161,11.7,75
692,DET05,2023-08-30,67.4,56.4,0.0,13.7,74
693,DET05,2023-08-31,70.1,50.1,0.0,8.1,71
694,HOU03,2023-06-30,98.1,79.3,0.004,14.4,68
695,HOU03,2023-07-01,97.5,78.5,0.0,9.7,69
696,HOU03,2023-07-02,93.4,77.7,0.126,6.7,76
697,HOU03,2023-07-03,92.8,76.5,0.047,10.3,73
698,HOU03,2023-07-04,92.7,78.2,0.043,11.4,75
699,HOU03,2023-07-05,92.3,78.4,0.28,13.5,78
700,HOU03,2023-07-06,86.5,77.4,0.256,11.3,82
701,HOU03,2023-07-07,88.2,76.5,0.173,13.6,85
702,HOU03,2023-07-08,91.8,75.9,0.079,9.3,83
703,HOU03,2023-07-09,92.9,78.3,0.071,11.0,80
704,HOU03,2023-07-10,93.1,78.3,0.118,12.8,78
705,HOU03,2023-07-11,95.9,79.0,0.008,12.6,75
706,HOU03,2023-07-12,99.0,79.0,0.016,15.1,73
707,HOU03,2023-07-13,98.5,79.8,0.008,15.9,71
708,HOU03,2023-07-14,98.6,79.5,0.0,15.0,69
709,HOU03,2023-07-15,100.3,79.2,0.008,12.7,67
710,HOU03,2023-07-16,99.9,78.0,0.0,11.9,68
711,HOU03,2023-07-17,97.5,78.8,0.008,12.2,69
712,HOU03,2023-07-18,99.0,78.9,0.0,13.3,68
713,HOU03,2023-07-19,99.4,79.2,0.0,14.6,67
714,HOU03,2023-07-20,98.3,78.5,0.0,12.8,68
715,HOU03,2023-07-21,95.6,78.2,0.008,11.1,73
716,HOU03,2023-07-22,97.4,80.4,0.016,9.2,64
717,HOU03,2023-07-23,94.8,75.0,0.134,9.6,75
718,HOU03,2023-07-24,94.7,77.4,0.016,11.5,72
719,HOU03,2023-07-25,94.5,77.6,0.059,10.0,73
720,HOU03,2023-07-26,94.9,77.7,0.067,11.2,71
721,HOU03,2023-07-27,93.5,76.6,0.102,8.3,71
722,HOU03,2023-07-28,94.0,76.1,0.0,9.3,68
723,HOU03,2023-07-29,94.6,78.3,0.012,12.6,68
724,HOU03,2023-07-30,96.7,78.6,0.0,11.5,62
725,HOU03,2023-07-31,99.3,79.8,0.0,12.1,59
726,HOU03,2023-08-01,97.4,78.3,0.028,9.1,63
727,HOU03,2023-08-02,98.4,78.9,0.0,12.7,61
728,HOU03,2023-08-03,98.5,80.2,0.008,12.4,69
729,HOU03,2023-08-04,99.2,80.7,0.0,15.4,67
730,HOU03,2023-08-05,100.8,81.0,0.0,14.6,63
731,HOU03,2023-08-06,100.8,81.1,0.0,15.2,63
732,HOU03,2023-08-07,100.2,81.8,0.0,15.2,66
733,HOU03,2023-08-08,101.8,82.1,0.004,18.4,65
734,HOU03,2023-08-09,101.1,82.5,0.008,16.6,65
735,HOU03,2023-08-10,101.4,82.5,0.0,14.1,62
736,HOU03,2023-08-11,102.2,82.6,0.0,15.5,64
737,HOU03,2023-08-12,103.2,83.0,0.0,15.6,65
738,HOU03,2023-08-13,103.2,79.6,0.008,15.0,66
739,HOU03,2023-08-14,102.6,80.0,0.0,13.8,65
740,HOU03,2023-08-15,103.1,83.7,0.0,13.6,57
741,HOU03,2023-08-16,97.5,80.3,0.0,12.2,41
742,HOU03,2023-08-17,102.4,76.9,0.0,18.0,59
743,HOU03,2023-08-18,101.8,80.0,0.0,11.4,62
744,HOU03,2023-08-19,101.8,78.9,0.008,11.4,63
745,HOU03,2023-08-20,103.6,81.4,0.0,10.5,56
746,HOU03,2023-08-21,101.3,82.8,0.004,17.3,57
747,HOU03,2023-08-22,95.1,82.7,0.047,18.8,65
748,HOU03,2023-08-23,99.9,81.0,0.0,10.0,58
749,HOU03,2023-08-24,104.4,81.5,0.0,13.6,52
750,HOU03,2023-08-25,100.1,81.2,0.004,13.0,55
751,HOU03,2023-08-26,102.5,79.6,0.0,10.5,57
752,HOU03,2023-08-27,107.1,79.7,0.0,9.4,51
753,HOU03,2023-08-28,98.1,80.4,0.004,14.1,61
754,HOU03,2023-08-29,97.6,80.9,0.0,14.7,49
755,HOU03,2023-08-30,99.5,76.4,0.0,12.8,39
756,HOU03,2023-08-31,97.8,76.9,0.0,10.5,43
757,KAN06,2023-06-30,97.9,75.7,0.031,9.2,68
758,KAN06,2023-07-01,86.7,70.7,0.047,13.5,74
759,KAN06,2023-07-02,85.7,66.7,0.035,8.3,70
760,KAN06,2023-07-03,90.2,66.5,0.0,7.0,59
761,KAN06,2023-07-04,94.6,68.9,0.0,7.6,57
762,KAN06,2023-07-05,85.0,71.2,0.016,10.0,66
763,KAN06,2023-07-06,82.9,66.3,0.0,6.7,66
764,KAN06,2023-07-07,87.4,65.1,0.177,8.8,67
765,KAN06,2023-07-08,77.5,66.2,0.512,9.0,76
766,KAN06,2023-07-09,82.8,63.4,0.0,5.0,63
767,KAN06,2023-07-10,88.7,63.9,0.0,7.0,59
768,KAN06,2023-07-11,93.1,71.3,0.0,9.4,61
769,KAN06,2023-07-12,92.3,74.5,0.335,11.0,75
770,KAN06,2023-07-13,93.3,70.7,0.012,4.9,72
771,KAN06,2023-07-14,95.3,71.2,0.134,13.8,78
772,KAN06,2023-07-15,89.2,67.6,0.0,10.8,70
773,KAN06,2023-07-16,88.8,69.6,0.169,9.6,72
774,KAN06,2023-07-17,89.2,68.5,0.276,10.0,79
775,KAN06,2023-07-18,85.8,67.2,0.016,9.4,84
776,KAN06,2023-07-19,87.5,69.3,0.598,9.7,83
777,KAN06,2023-07-20,89.1,71.8,0.791,10.1,73
778,KAN06,2023-07-21,79.3,67.9,0.0,7.6,69
779,KAN06,2023-07-22,86.7,64.9,0.0,8.3,64
780,KAN06,2023-07-23,90.4,68.0,0.02,9.6,66
781,KAN06,2023-07-24,94.8,70.3,0.244,11.8,71
782,KAN06,2023-07-25,92.2,74.4,0.0,12.9,62
783,KAN06,2023-07-26,101.8,82.5,0.0,15.2,47
784,KAN06,2023-07-27,100.3,78.8,0.0,11.9,52
785,KAN06,2023-07-28,101.2,81.1,0.0,13.6,47
786,KAN06,2023-07-29,88.5,76.1,0.059,9.1,66
787,KAN06,2023-07-30,90.8,71.9,0.276,7.5,76
788,KAN06,2023-07-31,80.1,70.3,0.669,11.4,88
789,KAN06,2023-08-01,94.8,72.3,0.299,13.3,77
790,KAN06,2023-08-02,94.3,74.8,0.059,13.3,80
791,KAN06,2023-08-03,86.8,71.6,0.26,9.6,87
792,KAN06,2023-08-04,87.4,71.8,0.484,11.4,86
793,KAN06,2023-08-05,89.5,69.4,0.0,8.5,78
794,KAN06,2023-08-06,85.3,71.0,0.205,19.5,69
795,KAN06,2023-08-07,78.3,67.8,0.02,14.4,74
796,KAN06,2023-08-08,86.6,65.7,0.0,7.6,71
797,KAN06,2023-08-09,83.0,68.6,0.815,10.5,83
798,KAN06,2023-08-10,86.3,66.9,0.02,8.0,81
799,KAN06,2023-08-11,96.3,71.2,0.0,9.9,67
800,KAN06,2023-08-12,91.6,75.7,0.02,7.1,72
801,KAN06,2023-08-13,85.3,71.6,1.004,11.2,82
802,KAN06,2023-08-14,75.1,65.3,0.0,16.0,70
803,KAN06,2023-08-15,78.1,61.3,0.0,8.6,68
804,KAN06,2023-08-16,83.7,61.4,0.0,11.0,66
805,KAN06,2023-08-17,82.7,68.0,0.0,10.6,61
806,KAN06,2023-08-18,84.8,61.4,0.0,8.8,65
807,KAN06,2023-08-19,102.2,71.9,0.0,11.5,62
808,KAN06,2023-08-20,95.4,80.9,0.0,10.4,61
809,KAN06,2023-08-21,95.2,77.2,0.0,8.1,81
810,KAN06,2023-08-22,97.5,76.6,0.0,7.3,79
811,KAN06,2023-08-23,99.3,80.2,0.0,9.6,65
812,KAN06,2023-08-24,101.8,81.3,0.0,9.5,53
813,KAN06,2023-08-25,101.9,81.1,0.0,8.5,50
814,KAN06,2023-08-26,86.6,74.0,0.783,10.3,80
815,KAN06,2023-08-27,78.5,67.6,0.0,8.4,73
816,KAN06,2023-08-28,80.6,62.1,0.0,6.0,72
817,KAN06,2023-08-29,86.7,64.5,0.0,11.5,69
818,KAN06,2023-08-30,81.8,64.8,0.0,8.7,63
819,KAN06,2023-08-31,82.3,61.0,0.0,9.0,62
820,LOS03,2023-06-30,82.7,57.3,0.0,12.4,73
821,LOS03,2023-07-01,84.2,57.6,0.0,12.2,74
822,LOS03,2023-07-02,85.4,57.5,0.0,13.7,74
823,LOS03,2023-07-03,85.0,57.1,0.0,12.2,74
824,LOS03,2023-07-04,79.1,56.8,0.0,10.6,69
825,LOS03,2023-07-05,77.7,55.5,0.0,12.0,69
826,LOS03,2023-07-06,77.3,55.4,0.0,10.4,71
827,LOS03,2023-07-07,79.1,56.8,0.0,12.3,68
828,LOS03,2023-07-08,79.8,55.3,0.0,13.3,72
829,LOS03,2023-07-09,78.5,56.8,0.0,11.5,71
830,LOS03,2023-07-10,85.6,57.5,0.0,13.7,67
831,LOS03,2023-07-11,88.3,58.8,0.0,11.9,61
832,LOS03,2023-07-12,91.1,62.9,0.0,12.9,48
833,LOS03,2023-07-13,91.5,63.6,0.0,13.7,48
834,LOS03,2023-07-14,92.8,60.4,0.0,13.5,53
835,LOS03,2023-07-15,89.7,60.1,0.0,12.4,65
836,LOS03,2023-07-16,90.7,62.9,0.0,11.8,68
837,LOS03,2023-07-17,87.9,64.0,0.0,11.7,65
838,LOS03,2023-07-18,88.7,64.3,0.0,11.5,63
839,LOS03,2023-07-19,91.1,64.6,0.0,12.8,58
840,LOS03,2023-07-20,92.6,63.9,0.0,11.6,58
841,LOS03,2023-07-21,90.0,61.7,0.0,11.4,62
842,LOS03,2023-07-22,90.2,60.3,0.0,10.7,64
843,LOS03,2023-07-23,92.1,62.3,0.0,11.9,70
844,LOS03,2023-07-24,90.8,64.0,0.0,13.9,70
845,LOS03,2023-07-25,95.5,64.7,0.0,12.6,62
846,LOS03,2023-07-26,96.0,65.8,0.0,12.5,54
847,LOS03,2023-07-27,95.8,65.2,0.0,11.6,57
848,LOS03,2023-07-28,91.3,64.1,0.0,12.4,70
849,LOS03,2023-07-29,93.8,64.7,0.0,13.1,70
850,LOS03,2023-07-30,91.6,66.4,0.0,10.9,72
851,LOS03,2023-07-31,96.2,68.2,0.0,14.2,62
852,LOS03,2023-08-01,90.9,69.2,0.0,12.6,60
853,LOS03,2023-08-02,88.7,64.3,0.0,12.7,62
854,LOS03,2023-08-03,85.6,59.9,0.0,13.3,66
855,LOS03,2023-08-04,85.2,61.8,0.0,13.5,70
856,LOS03,2023-08-05,90.9,62.1,0.0,12.8,68
857,LOS03,2023-08-06,93.5,61.4,0.0,13.6,69
858,LOS03,2023-08-07,91.0,61.4,0.0,12.3,64
859,LOS03,2023-08-08,86.7,61.6,0.0,13.6,63
860,LOS03,2023-08-09,82.9,66.2,0.039,11.5,71
861,LOS03,2023-08-10,80.1,65.7,0.189,11.7,75
862,LOS03,2023-08-11,80.0,64.0,0.0,12.3,76
863,LOS03,2023-08-12,83.2,63.4,0.0,12.2,74
864,LOS03,2023-08-13,82.7,63.3,0.0,13.0,77
865,LOS03,2023-08-14,83.1,63.9,0.0,13.0,75
866,LOS03,2023-08-15,87.2,62.0,0.0,12.7,72
867,LOS03,2023-08-16,92.7,64.9,0.008,13.1,60
868,LOS03,2023-08-17,89.0,62.3,0.0,13.1,69
869,LOS03,2023-08-18,87.7,60.1,0.0,13.0,68
870,LOS03,2023-08-19,80.9,59.6,0.205,10.4,69
871,LOS03,2023-08-20,77.6,68.3,2.335,18.7,89
872,LOS03,2023-08-21,76.4,63.5,0.61,13.3,82
873,LOS03,2023-08-22,79.2,62.0,0.0,11.9,84
874,LOS03,2023-08-23,80.3,62.1,0.0,10.0,85
875,LOS03,2023-08-24,76.8,62.2,0.0,10.0,88
876,LOS03,2023-08-25,77.7,60.4,0.0,11.5,86
877,LOS03,2023-08-26,82.1,59.2,0.0,10.8,84
878,LOS03,2023-08-27,86.9,61.3,0.0,9.3,73
879,LOS03,2023-08-28,93.5,64.3,0.0,10.1,62
880,LOS03,2023-08-29,93.8,63.1,0.0,10.9,65
881,LOS03,2023-08-30,95.8,62.9,0.0,11.3,68
882,LOS03,2023-08-31,83.7,63.5,0.0,11.3,78
883,MIA02,2023-06-30,87.1,76.4,0.268,12.7,82
884,MIA02,2023-07-01,86.7,78.0,0.555,6.7,85
885,MIA02,2023-07-02,88.3,77.7,0.417,7.0,82
886,MIA02,2023-07-03,88.5,76.8,0.142,6.3,82
887,MIA02,2023-07-04,88.3,76.1,0.118,6.2,84
888,MIA02,2023-07-05,89.5,78.1,0.031,7.7,78
889,MIA02,2023-07-06,89.9,77.9,0.146,8.7,79
890,MIA02,2023-07-07,89.3,77.7,0.161,8.6,82
891,MIA02,2023-07-08,91.8,76.3,0.283,9.2,82
892,MIA02,2023-07-09,89.5,76.3,0.055,12.4,79
893,MIA02,2023-07-10,90.9,75.9,0.031,13.2,76
894,MIA02,2023-07-11,91.5,77.4,0.016,9.4,70
895,MIA02,2023-07-12,92.9,77.9,0.051,9.4,74
896,MIA02,2023-07-13,91.7,76.4,0.476,8.2,81
897,MIA02,2023-07-14,88.0,75.7,0.764,6.0,84
898,MIA02,2023-07-15,89.6,78.1,0.043,9.3,76
899,MIA02,2023-07-16,93.0,78.3,0.122,10.0,75
900,MIA02,2023-07-17,90.9,77.9,0.256,10.0,80
901,MIA02,2023-07-18,89.6,78.3,0.071,8.8,81
902,MIA02,2023-07-19,86.2,79.8,0.114,12.2,81
903,MIA02,2023-07-20,89.2,81.6,0.028,8.7,77
904,MIA02,2023-07-21,90.1,78.9,0.268,8.5,82
905,MIA02,2023-07-22,91.6,76.8,0.02,12.8,80
906,MIA02,2023-07-23,93.0,78.6,0.091,12.3,76
907,MIA02,2023-07-24,92.8,76.4,0.051,9.0,73
908,MIA02,2023-07-25,93.7,75.9,0.0,11.8,72
909,MIA02,2023-07-26,87.2,77.8,0.193,11.2,79
910,MIA02,2023-07-27,85.9,75.2,0.705,10.9,82
911,MIA02,2023-07-28,86.4,76.4,0.433,11.2,81
912,MIA02,2023-07-29,89.4,80.5,0.012,7.8,75
913,MIA02,2023-07-30,87.6,77.5,0.012,9.1,81
914,MIA02,2023-07-31,92.5,76.5,0.362,14.2,79
915,MIA02,2023-08-01,89.0,76.9,0.087,6.5,84
916,MIA02,2023-08-02,90.1,75.7,0.134,9.3,82
917,MIA02,2023-08-03,88.7,77.5,0.673,9.3,84
918,MIA02,2023-08-04,88.9,78.1,1.114,10.8,84
919,MIA02,2023-08-05,89.9,78.4,0.201,8.3,80
920,MIA02,2023-08-06,91.2,80.2,0.173,9.8,77
921,MIA02,2023-08-07,91.8,78.5,0.039,10.4,76
922,MIA02,2023-08-08,90.2,79.2,0.378,9.3,81
923,MIA02,2023-08-09,91.6,78.6,0.083,8.6,83
924,MIA02,2023-08-10,94.1,79.7,0.157,9.4,75
925,MIA02,2023-08-11,93.1,81.1,0.098,8.3,72
926,MIA02,2023-08-12,89.2,82.5,0.067,15.1,72
927,MIA02,2023-08-13,88.4,81.3,0.087,13.7,73
928,MIA02,2023-08-14,91.8,83.4,0.071,10.5,70
929,MIA02,2023-08-15,90.6,80.4,0.26,9.4,78
930,MIA02,2023-08-16,89.8,76.2,0.157,13.3,75
931,MIA02,2023-08-17,91.5,76.6,0.496,13.0,77
932,MIA02,2023-08-18,87.5,77.4,0.35,8.8,83
933,MIA02,2023-08-19,87.1,78.2,0.311,12.4,79
934,MIA02,2023-08-20,88.4,76.6,0.579,16.1,76
935,MIA02,2023-08-21,89.2,80.8,0.102,16.7,70
936,MIA02,2023-08-22,89.6,82.0,0.02,16.2,67
937,MIA02,2023-08-23,87.7,78.7,0.059,10.6,75
938,MIA02,2023-08-24,91.3,79.2,0.094,14.7,74
939,MIA02,2023-08-25,89.5,75.0,0.134,13.8,79
940,MIA02,2023-08-26,89.1,74.9,0.126,12.4,74
941,MIA02,2023-08-27,88.9,75.7,0.114,10.8,78
942,MIA02,2023-08-28,90.1,79.2,0.39,12.1,78
943,MIA02,2023-08-29,87.1,78.3,0.378,20.1,81
944,MIA02,2023-08-30,90.0,80.6,0.138,21.6,77
945,MIA02,2023-08-31,90.9,78.6,0.197,11.2,83
946,MIL06,2023-06-30,90.3,67.1,0.0,12.0,66
947,MIL06,2023-07-01,82.6,67.4,0.063,8.9,75
948,MIL06,2023-07-02,71.7,61.4,0.252,10.9,85
949,MIL06,2023-07-03,79.0,61.2,0.0,9.7,66
950,MIL06,2023-07-04,88.7,68.4,0.0,9.9,61
951,MIL06,2023-07-05,87.0,70.0,0.791,12.4,78
952,MIL06,2023-07-06,73.0,60.4,0.398,8.1,84
953,MIL06,2023-07-07,71.8,59.2,0.043,10.2,73
954,MIL06,2023-07-08,76.5,61.7,0.02,7.9,76
955,MIL06,2023-07-09,72.8,57.9,0.028,9.8,76
956,MIL06,2023-07-10,89.1,65.1,0.0,14.7,45
957,MIL06,2023-07-11,74.5,62.0,0.0,13.6,61
958,MIL06,2023-07-12,70.9,59.5,1.882,22.8,79
959,MIL06,2023-07-13,72.8,55.6,0.035,11.4,84
960,MIL06,2023-07-14,88.4,66.6,0.028,17.8,68
961,MIL06,2023-07-15,85.0,67.1,0.0,11.8,66
962,MIL06,2023-07-16,81.3,64.5,0.012,15.9,51
963,MIL06,2023-07-17,79.0,59.5,0.0,13.5,53
964,MIL06,2023-07-18,75.7,58.6,0.0,8.2,63
965,MIL06,2023-07-19,81.5,59.4,0.0,10.3,59
966,MIL06,2023-07-20,82.7,67.6,0.004,16.6,57
967,MIL06,2023-07-21,80.7,60.2,0.0,8.2,62
968,MIL06,2023-07-22,84.1,62.8,0.067,10.2,62
969,MIL06,2023-07-23,81.4,62.2,0.0,8.9,66
970,MIL06,2023-07-24,82.0,65.2,0.008,8.8,58
971,MIL06,2023-07-25,87.9,66.3,0.031,10.4,64
972,MIL06,2023-07-26,88.2,72.1,0.512,12.3,70
973,MIL06,2023-07-27,87.4,67.0,0.0,11.5,77
974,MIL06,2023-07-28,90.2,69.3,0.161,11.7,79
975,MIL06,2023-07-29,77.9,66.1,0.012,11.0,72
976,MIL06,2023-07-30,79.0,62.2,0.008,8.5,68
977,MIL06,2023-07-31,80.1,59.4,0.0,13.6,60
978,MIL06,2023-08-01,82.3,61.4,0.047,7.6,63
979,MIL06,2023-08-02,87.3,68.8,0.0,12.2,56
980,MIL06,2023-08-03,89.8,67.5,0.362,8.2,68
981,MIL06,2023-08-04,78.4,66.4,0.0,9.8,72
982,MIL06,2023-08-05,76.6,65.6,0.0,15.2,78
983,MIL06,2023-08-06,72.1,64.8,0.039,13.1,78
984,MIL06,2023-08-07,76.8,62.1,0.0,10.6,72
985,MIL06,2023-08-08,81.7,64.0,0.319,9.1,65
986,MIL06,2023-08-09,85.7,63.0,0.0,10.6,56
987,MIL06,2023-08-10,83.5,65.3,0.0,11.0,60
988,MIL06,2023-08-11,82.8,66.5,0.087,13.1,74
989,MIL06,2023-08-12,84.2,67.1,0.039,15.6,60
990,MIL06,2023-08-13,71.2,64.8,0.083,9.2,76
991,MIL06,2023-08-14,66.1,62.9,1.732,17.5,91
992,MIL06,2023-08-15,74.5,59.9,0.028,14.1,75
993,MIL06,2023-08-16,81.5,59.4,0.0,15.4,63
994,MIL06,2023-08-17,74.2,61.4,0.339,19.1,62
995,MIL06,2023-08-18,76.2,57.1,0.0,8.1,59
996,MIL06,2023-08-19,81.7,61.6,0.0,13.1,68
997,MIL06,2023-08-20,84.3,70.5,0.0,11.4,79
998,MIL06,2023-08-21,73.5,66.5,0.0,11.7,78
999,MIL06,2023-08-22,76.3,65.0,0.0,10.8,83
1000,MIL06,2023-08-23,99.2,71.6,0.004,14.4,75
1001,MIL06,2023-08-24,81.0,68.9,0.61,16.2,92
1002,MIL06,2023-08-25,77.6,66.0,0.0,9.4,86
1003,MIL06,2023-08-26,69.3,61.9,0.012,15.9,83
1004,MIL06,2023-08-27,68.8,58.8,0.008,13.6,70
1005,MIL06,2023-08-28,76.2,53.4,0.0,9.0,68
1006,MIL06,2023-08-29,80.5,62.2,0.028,13.2,68
1007,MIL06,2023-08-30,65.5,53.2,0.0,12.4,69
1008,MIL06,2023-08-31,69.3,53.9,0.0,8.4,71
1009,MIN04,2023-06-30,87.2,61.4,0.0,8.6,59
1010,MIN04,2023-07-01,85.9,63.2,0.0,5.8,61
1011,MIN04,2023-07-02,87.9,63.3,0.0,5.0,63
1012,MIN04,2023-07-03,90.5,67.4,0.181,9.9,76
1013,MIN04,2023-07-04,84.8,65.0,0.508,14.7,85
1014,MIN04,2023-07-05,77.0,62.6,0.374,9.9,65
1015,MIN04,2023-07-06,72.9,56.9,0.0,7.1,56
1016,MIN04,2023-07-07,76.5,55.4,0.0,7.6,57
1017,MIN04,2023-07-08,78.7,57.0,0.008,7.4,61
1018,MIN04,2023-07-09,84.7,54.0,0.0,14.7,49
1019,MIN04,2023-07-10,91.3,67.3,0.067,13.3,58
1020,MIN04,2023-07-11,77.4,55.4,0.024,6.7,55
1021,MIN04,2023-07-12,79.0,58.8,0.012,9.0,71
1022,MIN04,2023-07-13,85.6,59.1,0.0,11.8,72
1023,MIN04,2023-07-14,88.1,63.6,0.02,10.9,63
1024,MIN04,2023-07-15,80.7,61.7,0.008,13.2,54
1025,MIN04,2023-07-16,77.9,58.0,0.039,15.9,57
1026,MIN04,2023-07-17,72.9,56.5,0.0,11.9,58
1027,MIN04,2023-07-18,81.3,55.0,0.0,6.8,59
1028,MIN04,2023-07-19,88.9,60.8,0.295,12.1,68
1029,MIN04,2023-07-20,78.6,61.8,0.0,12.8,65
1030,MIN04,2023-07-21,82.7,57.9,0.0,6.8,62
1031,MIN04,2023-07-22,83.5,60.3,0.228,13.3,74
1032,MIN04,2023-07-23,86.7,60.1,0.0,6.1,65
1033,MIN04,2023-07-24,88.4,61.8,0.15,6.9,71
1034,MIN04,2023-07-25,92.5,66.5,0.0,9.8,64
1035,MIN04,2023-07-26,93.0,69.4,0.795,9.0,73
1036,MIN04,2023-07-27,92.7,71.7,1.831,13.5,84
1037,MIN04,2023-07-28,89.0,67.6,0.11,11.1,78
1038,MIN04,2023-07-29,79.8,60.3,0.004,10.8,69
1039,MIN04,2023-07-30,79.1,59.2,0.0,6.8,65
1040,MIN04,2023-07-31,84.5,58.9,0.0,5.3,64
1041,MIN04,2023-08-01,86.7,62.2,0.0,7.2,63
1042,MIN04,2023-08-02,87.9,67.4,0.252,8.8,79
1043,MIN04,2023-08-03,93.7,70.0,0.008,8.5,68
1044,MIN04,2023-08-04,90.4,67.8,0.0,8.7,63
1045,MIN04,2023-08-05,85.6,68.7,0.0,7.8,61
1046,MIN04,2023-08-06,73.4,66.7,0.134,7.8,80
1047,MIN04,2023-08-07,81.9,62.9,0.0,6.9,70
1048,MIN04,2023-08-08,82.7,58.8,0.0,8.2,60
1049,MIN04,2023-08-09,82.2,59.9,0.035,10.8,73
1050,MIN04,2023-08-10,81.9,61.0,0.098,8.6,72
1051,MIN04,2023-08-11,85.0,65.0,0.209,11.4,83
1052,MIN04,2023-08-12,81.1,61.1,0.0,11.2,67
1053,MIN04,2023-08-13,75.3,61.5,0.358,8.7,83
1054,MIN04,2023-08-14,67.6,56.8,0.85,12.7,89
1055,MIN04,2023-08-15,79.7,51.6,0.0,9.0,71
1056,MIN04,2023-08-16,85.6,62.2,0.291,16.5,73
1057,MIN04,2023-08-17,73.1,57.9,0.0,17.7,60
1058,MIN04,2023-08-18,79.0,53.5,0.0,12.3,68
1059,MIN04,2023-08-19,90.9,67.1,0.0,9.9,68
1060,MIN04,2023-08-20,80.8,64.3,0.0,8.9,64
1061,MIN04,2023-08-21,84.6,62.4,0.0,9.3,76
1062,MIN04,2023-08-22,98.0,69.3,0.0,10.3,74
1063,MIN04,2023-08-23,99.1,78.4,0.0,9.5,67
1064,MIN04,2023-08-24,90.8,69.6,0.0,8.8,74
1065,MIN04,2023-08-25,86.4,66.7,0.024,9.7,70
1066,MIN04,2023-08-26,74.2,59.5,0.0,10.6,67
1067,MIN04,2023-08-27,77.5,53.4,0.0,5.1,70
1068,MIN04,2023-08-28,84.8,61.3,0.024,8.7,67
1069,MIN04,2023-08-29,80.1,62.0,0.035,8.5,65
1070,MIN04,2023-08-30,78.3,57.5,0.0,6.9,61
1071,MIN04,2023-08-31,81.1,59.2,0.0,12.6,53
1072,NYC20,2023-06-30,82.2,64.0,0.008,10.9,77
1073,NYC20,2023-07-01,78.1,62.8,0.0,12.2,75
1074,NYC20,2023-07-02,82.6,68.6,0.602,11.8,87
1075,NYC20,2023-07-03,85.0,72.7,0.24,10.5,86
1076,NYC20,2023-07-04,83.6,70.8,0.374,7.6,85
1077,NYC20,2023-07-05,88.2,70.2,0.0,8.3,80
1078,NYC20,2023-07-06,84.6,70.5,0.0,10.9,81
1079,NYC20,2023-07-07,83.1,71.5,0.031,10.9,86
1080,NYC20,2023-07-08,83.6,71.6,0.035,8.4,87
1081,NYC20,2023-07-09,79.2,70.1,0.894,9.1,91
1082,NYC20,2023-07-10,82.7,70.5,0.047,10.1,81
1083,NYC20,2023-07-11,85.7,63.7,0.0,8.9,70
1084,NYC20,2023-07-12,89.6,68.4,0.0,12.5,67
1085,NYC20,2023-07-13,85.3,70.5,0.0,17.9,76
1086,NYC20,2023-07-14,81.4,71.5,0.236,14.3,87
1087,NYC20,2023-07-15,83.9,69.7,0.283,13.1,88
1088,NYC20,2023-07-16,77.7,71.7,1.835,14.2,94
1089,NYC20,2023-07-17,85.7,69.1,0.016,9.9,83
1090,NYC20,2023-07-18,82.1,70.6,0.177,10.5,84
1091,NYC20,2023-07-19,80.6,66.6,0.063,7.4,83
1092,NYC20,2023-07-20,83.1,66.6,0.028,7.9,79
1093,NYC20,2023-07-21,81.1,71.1,0.248,10.1,87
1094,NYC20,2023-07-22,82.5,65.1,0.0,8.7,67
1095,NYC20,2023-07-23,83.9,64.3,0.016,10.8,66
1096,NYC20,2023-07-24,81.0,66.7,0.004,13.9,71
1097,NYC20,2023-07-25,82.7,67.6,0.366,9.7,85
1098,NYC20,2023-07-26,84.0,64.9,0.02,11.7,80
1099,NYC20,2023-07-27,88.9,72.2,0.004,16.5,79
1100,NYC20,2023-07-28,91.3,70.6,0.0,12.1,79
1101,NYC20,2023-07-29,89.9,71.8,0.319,15.5,74
1102,NYC20,2023-07-30,77.7,63.0,0.0,14.9,62
1103,NYC20,2023-07-31,81.3,60.5,0.0,14.3,64
1104,NYC20,2023-08-01,78.8,62.6,0.0,8.5,57
1105,NYC20,2023-08-02,78.5,59.4,0.0,8.8,64
1106,NYC20,2023-08-03,75.8,61.2,0.039,17.5,67
1107,NYC20,2023-08-04,76.6,65.8,0.276,14.4,78
1108,NYC20,2023-08-05,84.8,65.1,0.004,10.4,73
1109,NYC20,2023-08-06,82.2,64.5,0.0,11.8,68
1110,NYC20,2023-08-07,79.7,71.7,1.469,20.8,89
1111,NYC20,2023-08-08,80.6,70.9,1.299,18.2,76
1112,NYC20,2023-08-09,84.0,67.4,0.0,13.9,58
1113,NYC20,2023-08-10,77.6,66.1,0.823,9.4,85
1114,NYC20,2023-08-11,83.8,64.8,0.02,13.2,71
1115,NYC20,2023-08-12,80.3,63.7,0.24,11.5,80
1116,NYC20,2023-08-13,86.2,70.6,0.165,9.8,76
1117,NYC20,2023-08-14,85.0,66.5,0.024,9.6,73
1118,NYC20,2023-08-15,80.2,71.0,0.626,10.2,85
1119,NYC20,2023-08-16,78.5,69.0,0.394,7.7,88
1120,NYC20,2023-08-17,77.7,69.5,0.126,13.3,88
1121,NYC20,2023-08-18,80.3,67.2,0.228,15.1,72
1122,NYC20,2023-08-19,78.3,60.0,0.0,12.7,60
1123,NYC20,2023-08-20,82.4,60.3,0.0,9.4,70
1124,NYC20,2023-08-21,87.5,66.3,0.012,7.9,70
1125,NYC20,2023-08-22,78.7,64.0,0.0,13.2,62
1126,NYC20,2023-08-23,76.8,61.9,0.0,7.9,65
1127,NYC20,2023-08-24,74.1,67.6,0.098,15.7,74
1128,NYC20,2023-08-25,79.3,69.8,0.437,13.3,86
1129,NYC20,2023-08-26,84.2,67.9,0.094,7.2,85
1130,NYC20,2023-08-27,82.1,65.2,0.004,8.1,76
1131,NYC20,2023-08-28,76.2,65.8,0.024,10.1,86
1132,NYC20,2023-08-29,79.9,64.2,0.008,7.1,83
1133,NYC20,2023-08-30,84.2,69.9,0.071,12.6,73
1134,NYC20,2023-08-31,75.8,62.5,0.0,13.6,61
1135,NYC21,2023-06-30,83.7,64.4,0.0,13.0,76
1136,NYC21,2023-07-01,80.5,63.1,0.0,14.3,72
1137,NYC21,2023-07-02,86.1,68.5,0.661,13.3,85
1138,NYC21,2023-07-03,86.8,72.4,0.35,10.2,85
1139,NYC21,2023-07-04,84.3,71.2,0.106,8.5,85
1140,NYC21,2023-07-05,89.9,70.4,0.02,9.9,79
1141,NYC21,2023-07-06,86.9,70.8,0.0,12.4,79
1142,NYC21,2023-07-07,84.9,71.4,0.035,11.0,84
1143,NYC21,2023-07-08,84.8,71.6,0.079,9.0,85
1144,NYC21,2023-07-09,80.7,70.2,0.787,8.6,91
1145,NYC21,2023-07-10,82.9,70.1,0.035,10.1,80
1146,NYC21,2023-07-11,87.7,63.0,0.0,6.4,67
1147,NYC21,2023-07-12,91.1,67.3,0.0,10.9,67
1148,NYC21,2023-07-13,87.0,69.5,0.008,17.5,74
1149,NYC21,2023-07-14,80.9,70.7,0.311,14.6,86
1150,NYC21,2023-07-15,84.6,69.5,0.323,12.3,88
1151,NYC21,2023-07-16,78.3,70.6,2.177,14.2,93
1152,NYC21,2023-07-17,86.8,68.5,0.0,10.9,82
1153,NYC21,2023-07-18,83.3,70.3,0.134,9.6,83
1154,NYC21,2023-07-19,81.4,66.1,0.094,7.9,84
1155,NYC21,2023-07-20,83.8,67.3,0.024,8.7,78
1156,NYC21,2023-07-21,84.2,71.6,0.134,11.4,85
1157,NYC21,2023-07-22,83.0,65.0,0.0,8.3,67
1158,NYC21,2023-07-23,85.2,62.9,0.012,10.6,65
1159,NYC21,2023-07-24,82.9,65.6,0.004,14.3,69
1160,NYC21,2023-07-25,83.1,66.9,0.303,9.5,85
1161,NYC21,2023-07-26,85.2,63.0,0.024,12.0,79
1162,NYC21,2023-07-27,91.8,72.0,0.012,17.1,77
1163,NYC21,2023-07-28,93.2,70.5,0.0,10.8,78
1164,NYC21,2023-07-29,92.3,71.6,0.157,18.6,70
1165,NYC21,2023-07-30,78.5,63.2,0.0,14.1,61
1166,NYC21,2023-07-31,83.8,58.5,0.004,11.7,60
1167,NYC21,2023-08-01,80.0,62.3,0.0,9.9,55
1168,NYC21,2023-08-02,81.1,57.3,0.0,9.3,60
1169,NYC21,2023-08-03,78.5,59.2,0.035,18.7,65
1170,NYC21,2023-08-04,80.7,64.8,0.079,13.3,72
1171,NYC21,2023-08-05,86.9,63.2,0.004,8.8,67
1172,NYC21,2023-08-06,86.4,63.4,0.0,14.2,63
1173,NYC21,2023-08-07,80.4,72.0,1.665,21.2,87
1174,NYC21,2023-08-08,80.5,71.1,1.075,17.9,76
1175,NYC21,2023-08-09,84.1,67.5,0.0,13.5,58
1176,NYC21,2023-08-10,77.9,64.8,0.724,9.1,85
1177,NYC21,2023-08-11,83.4,64.9,0.012,13.3,72
1178,NYC21,2023-08-12,81.1,62.2,0.331,10.3,81
1179,NYC21,2023-08-13,86.9,70.2,0.087,13.2,75
1180,NYC21,2023-08-14,87.0,66.3,0.024,11.7,72
1181,NYC21,2023-08-15,79.4,70.1,0.646,10.1,85
1182,NYC21,2023-08-16,79.2,68.7,0.161,8.8,88
1183,NYC21,2023-08-17,78.7,69.1,0.201,12.5,89
1184,NYC21,2023-08-18,80.3,66.9,0.157,15.1,72
1185,NYC21,2023-08-19,78.8,59.7,0.0,12.5,61
1186,NYC21,2023-08-20,85.0,58.9,0.0,8.6,66
1187,NYC21,2023-08-21,87.6,65.0,0.008,9.0,70
1188,NYC21,2023-08-22,79.2,63.7,0.0,13.5,60
1189,NYC21,2023-08-23,77.8,60.7,0.0,9.7,64
1190,NYC21,2023-08-24,74.8,66.9,0.063,16.3,76
1191,NYC21,2023-08-25,81.3,68.9,0.374,12.8,85
1192,NYC21,2023-08-26,85.8,67.8,0.059,7.3,81
1193,NYC21,2023-08-27,81.9,64.8,0.004,7.6,75
1194,NYC21,2023-08-28,77.4,65.6,0.031,10.4,85
1195,NYC21,2023-08-29,80.2,64.0,0.031,8.2,82
1196,NYC21,2023-08-30,84.4,69.5,0.028,12.5,73
1197,NYC21,2023-08-31,76.4,62.3,0.0,13.1,60
1198,OAK01,2023-06-30,78.8,54.4,0.0,6.7,72
1199,OAK01,2023-07-01,85.1,57.1,0.0,6.8,65
1200,OAK01,2023-07-02,80.1,60.0,0.0,8.1,60
1201,OAK01,2023-07-03,69.6,55.3,0.0,10.1,81
1202,OAK01,2023-07-04,69.8,54.9,0.0,11.2,80
1203,OAK01,2023-07-05,67.3,54.2,0.0,12.6,81
1204,OAK01,2023-07-06,66.5,55.2,0.004,12.0,82
1205,OAK01,2023-07-07,63.9,54.0,0.0,14.3,83
1206,OAK01,2023-07-08,64.9,53.2,0.0,14.1,82
1207,OAK01,2023-07-09,64.2,53.3,0.0,14.3,83
1208,OAK01,2023-07-10,69.9,53.5,0.0,9.2,81
1209,OAK01,2023-07-11,77.1,51.5,0.0,8.5,75
1210,OAK01,2023-07-12,69.3,53.3,0.0,8.2,84
1211,OAK01,2023-07-13,73.2,54.9,0.0,8.6,79
1212,OAK01,2023-07-14,76.5,54.0,0.0,6.1,78
1213,OAK01,2023-07-15,81.3,54.9,0.0,5.8,75
1214,OAK01,2023-07-16,87.9,59.1,0.0,8.9,67
1215,OAK01,2023-07-17,78.4,57.6,0.0,9.0,68
1216,OAK01,2023-07-18,69.6,55.7,0.0,10.6,81
1217,OAK01,2023-07-19,69.3,54.7,0.0,9.1,83
1218,OAK01,2023-07-20,78.1,54.9,0.0,6.6,77
1219,OAK01,2023-07-21,82.3,54.6,0.0,5.9,68
1220,OAK01,2023-07-22,86.3,55.9,0.0,6.5,65
1221,OAK01,2023-07-23,75.1,59.0,0.0,10.2,72
1222,OAK01,2023-07-24,71.0,55.9,0.0,9.3,81
1223,OAK01,2023-07-25,75.6,56.7,0.0,7.2,78
1224,OAK01,2023-07-26,72.2,56.5,0.0,10.1,79
1225,OAK01,2023-07-27,69.3,56.4,0.0,11.8,78
1226,OAK01,2023-07-28,73.4,55.8,0.0,9.2,78
1227,OAK01,2023-07-29,72.4,55.6,0.0,9.4,78
1228,OAK01,2023-07-30,73.9,54.7,0.0,8.2,75
1229,OAK01,2023-07-31,72.4,56.3,0.0,9.7,78
1230,OAK01,2023-08-01,67.2,56.2,0.0,11.7,84
1231,OAK01,2023-08-02,67.5,56.7,0.004,11.4,84
1232,OAK01,2023-08-03,64.1,55.7,0.016,13.7,89
1233,OAK01,2023-08-04,71.0,55.3,0.0,8.8,84
1234,OAK01,2023-08-05,77.4,55.9,0.0,8.4,78
1235,OAK01,2023-08-06,84.2,58.6,0.0,6.4,68
1236,OAK01,2023-08-07,82.0,59.9,0.0,8.7,70
1237,OAK01,2023-08-08,69.3,57.6,0.0,13.6,85
1238,OAK01,2023-08-09,71.1,57.6,0.0,10.9,82
1239,OAK01,2023-08-10,71.6,57.6,0.0,10.9,84
1240,OAK01,2023-08-11,71.9,57.6,0.0,9.9,83
1241,OAK01,2023-08-12,77.4,58.5,0.0,8.0,77
1242,OAK01,2023-08-13,79.4,57.9,0.0,7.2,74
1243,OAK01,2023-08-14,79.6,59.4,0.0,8.5,71
1244,OAK01,2023-08-15,81.0,58.4,0.0,7.7,74
1245,OAK01,2023-08-16,77.8,59.6,0.0,9.4,79
1246,OAK01,2023-08-17,76.7,60.6,0.0,11.9,83
1247,OAK01,2023-08-18,74.7,60.6,0.004,11.6,83
1248,OAK01,2023-08-19,75.0,60.0,0.0,9.4,82
1249,OAK01,2023-08-20,89.0,58.9,0.0,9.0,70
1250,OAK01,2023-08-21,81.1,62.5,0.016,12.0,74
1251,OAK01,2023-08-22,79.1,62.7,0.035,10.1,80
1252,OAK01,2023-08-23,89.8,62.4,0.0,11.2,68
1253,OAK01,2023-08-24,80.3,62.1,0.0,12.2,77
1254,OAK01,2023-08-25,72.2,57.9,0.0,9.6,82
1255,OAK01,2023-08-26,71.3,58.1,0.0,9.3,82
1256,OAK01,2023-08-27,76.2,57.7,0.0,8.5,78
1257,OAK01,2023-08-28,79.9,58.3,0.0,8.7,77
1258,OAK01,2023-08-29,83.3,57.7,0.0,7.2,72
1259,OAK01,2023-08-30,88.0,58.9,0.0,9.7,62
1260,OAK01,2023-08-31,73.2,57.9,0.0,13.0,81
1261,PHI13,2023-06-30,85.8,62.9,0.0,7.6,66
1262,PHI13,2023-07-01,87.5,64.4,0.043,11.1,69
1263,PHI13,2023-07-02,90.4,70.6,0.295,11.1,79
1264,PHI13,2023-07-03,91.1,70.8,0.37,12.3,79
1265,PHI13,2023-07-04,89.6,71.4,0.114,8.5,76
1266,PHI13,2023-07-05,92.3,70.2,0.016,7.5,70
1267,PHI13,2023-07-06,92.6,71.9,0.22,8.4,73
1268,PHI13,2023-07-07,91.1,71.8,0.098,6.8,80
1269,PHI13,2023-07-08,90.1,71.1,0.161,7.6,79
1270,PHI13,2023-07-09,76.3,69.4,1.122,7.8,93
1271,PHI13,2023-07-10,85.8,68.0,0.0,10.6,75
1272,PHI13,2023-07-11,91.1,64.9,0.0,8.0,61
1273,PHI13,2023-07-12,94.1,65.0,0.0,7.8,55
1274,PHI13,2023-07-13,96.8,70.9,0.008,14.0,55
1275,PHI13,2023-07-14,91.2,75.7,0.528,10.5,71
1276,PHI13,2023-07-15,92.4,70.3,0.157,11.4,78
1277,PHI13,2023-07-16,83.1,73.1,0.854,10.6,88
1278,PHI13,2023-07-17,92.5,67.6,0.0,8.5,65
1279,PHI13,2023-07-18,91.2,70.2,0.055,9.5,68
1280,PHI13,2023-07-19,84.1,69.6,0.154,10.8,80
1281,PHI13,2023-07-20,87.3,68.0,0.02,7.4,75
1282,PHI13,2023-07-21,87.1,70.9,0.087,8.1,74
1283,PHI13,2023-07-22,85.7,65.8,0.0,8.0,58
1284,PHI13,2023-07-23,88.2,61.4,0.0,7.0,52
1285,PHI13,2023-07-24,88.6,67.9,0.024,10.2,64
1286,PHI13,2023-07-25,87.0,68.1,0.488,13.5,83
1287,PHI13,2023-07-26,91.5,65.6,0.0,9.1,70
1288,PHI13,2023-07-27,97.1,74.0,0.146,16.2,72
1289,PHI13,2023-07-28,97.1,73.4,0.028,11.3,68
1290,PHI13,2023-07-29,95.0,75.9,0.248,17.0,71
1291,PHI13,2023-07-30,84.7,65.4,0.0,12.2,51
1292,PHI13,2023-07-31,88.2,64.3,0.0,8.1,48
1293,PHI13,2023-08-01,85.4,64.0,0.0,9.9,45
1294,PHI13,2023-08-02,85.0,59.8,0.0,10.8,45
1295,PHI13,2023-08-03,84.8,61.1,0.02,13.8,61
1296,PHI13,2023-08-04,80.2,66.5,0.035,10.2,74
1297,PHI13,2023-08-05,89.2,64.7,0.0,6.7,65
1298,PHI13,2023-08-06,91.6,66.4,0.0,12.5,54
1299,PHI13,2023-08-07,90.0,72.1,0.323,16.6,76
1300,PHI13,2023-08-08,85.3,71.3,0.886,18.4,67
1301,PHI13,2023-08-09,87.5,67.9,0.0,10.9,54
1302,PHI13,2023-08-10,76.8,69.0,0.571,12.0,83
1303,PHI13,2023-08-11,86.5,66.1,0.004,10.8,68
1304,PHI13,2023-08-12,88.5,65.5,0.012,11.3,68
1305,PHI13,2023-08-13,89.8,72.2,0.114,9.9,66
1306,PHI13,2023-08-14,91.7,66.5,0.236,10.8,61
1307,PHI13,2023-08-15,92.2,71.1,0.591,10.0,74
1308,PHI13,2023-08-16,87.9,68.9,0.024,4.5,74
1309,PHI13,2023-08-17,89.9,68.3,0.031,11.6,74
1310,PHI13,2023-08-18,83.9,67.8,0.11,14.4,62
1311,PHI13,2023-08-19,82.2,61.5,0.0,10.3,48
1312,PHI13,2023-08-20,90.0,59.6,0.0,9.8,52
1313,PHI13,2023-08-21,92.6,67.0,0.0,9.7,62
1314,PHI13,2023-08-22,83.0,69.1,0.0,11.2,53
1315,PHI13,2023-08-23,82.0,61.1,0.0,8.2,52
1316,PHI13,2023-08-24,79.2,69.3,0.087,11.5,61
1317,PHI13,2023-08-25,91.2,72.1,0.043,8.9,66
1318,PHI13,2023-08-26,89.7,70.7,0.004,9.4,69
1319,PHI13,2023-08-27,87.6,67.6,0.012,8.1,62
1320,PHI13,2023-08-28,84.3,68.4,0.0,11.1,73
1321,PHI13,2023-08-29,83.3,69.2,0.004,8.8,75
1322,PHI13,2023-08-30,89.3,71.1,0.043,13.1,65
1323,PHI13,2023-08-31,81.6,64.7,0.0,12.2,51
1324,PHO01,2023-06-30,107.4,78.3,0.0,10.8,11
1325,PHO01,2023-07-01,110.2,78.4,0.0,11.7,11
1326,PHO01,2023-07-02,111.7,81.0,0.0,15.5,11
1327,PHO01,2023-07-03,113.1,83.9,0.0,17.3,15
1328,PHO01,2023-07-04,110.1,84.8,0.0,18.2,16
1329,PHO01,2023-07-05,107.7,83.5,0.0,15.0,13
1330,PHO01,2023-07-06,112.6,82.0,0.0,12.7,13
1331,PHO01,2023-07-07,109.2,82.0,0.0,10.8,11
1332,PHO01,2023-07-08,110.8,83.0,0.0,10.2,13
1333,PHO01,2023-07-09,109.0,85.7,0.0,12.6,11
1334,PHO01,2023-07-10,109.4,86.4,0.0,16.0,22
1335,PHO01,2023-07-11,109.3,89.2,0.0,13.2,27
1336,PHO01,2023-07-12,110.2,91.5,0.0,11.6,24
1337,PHO01,2023-07-13,111.9,91.6,0.0,14.1,23
1338,PHO01,2023-07-14,113.1,90.3,0.0,13.8,18
1339,PHO01,2023-07-15,115.0,90.0,0.0,16.4,20
1340,PHO01,2023-07-16,111.7,90.9,0.0,16.5,26
1341,PHO01,2023-07-17,112.9,89.9,0.0,12.7,24
1342,PHO01,2023-07-18,115.4,92.0,0.0,13.2,20
1343,PHO01,2023-07-19,115.8,92.4,0.0,13.0,17
1344,PHO01,2023-07-20,116.2,89.5,0.0,13.8,18
1345,PHO01,2023-07-21,114.6,89.2,0.0,12.3,19
1346,PHO01,2023-07-22,112.8,92.4,0.0,9.5,19
1347,PHO01,2023-07-23,111.0,89.4,0.0,13.0,22
1348,PHO01,2023-07-24,110.5,90.1,0.0,16.2,25
1349,PHO01,2023-07-25,115.1,88.9,0.0,12.3,20
1350,PHO01,2023-07-26,113.7,91.9,0.0,20.2,16
1351,PHO01,2023-07-27,111.8,86.5,0.0,14.8,25
1352,PHO01,2023-07-28,110.3,91.8,0.0,12.7,23
1353,PHO01,2023-07-29,109.2,90.4,0.0,9.3,21
1354,PHO01,2023-07-30,107.3,91.4,0.008,12.7,23
1355,PHO01,2023-07-31,103.5,80.3,0.016,14.2,33
1356,PHO01,2023-08-01,104.6,81.9,0.0,11.8,28
1357,PHO01,2023-08-02,106.1,87.2,0.0,11.4,23
1358,PHO01,2023-08-03,109.8,87.5,0.0,11.6,19
1359,PHO01,2023-08-04,111.0,82.1,0.0,12.6,14
1360,PHO01,2023-08-05,112.8,87.5,0.0,12.6,10
1361,PHO01,2023-08-06,109.8,86.0,0.0,13.8,19
1362,PHO01,2023-08-07,108.9,88.3,0.0,13.2,32
1363,PHO01,2023-08-08,104.8,86.9,0.012,19.7,33
1364,PHO01,2023-08-09,103.7,79.6,0.008,11.4,45
1365,PHO01,2023-08-10,107.2,83.9,0.0,13.4,31
1366,PHO01,2023-08-11,103.9,85.4,0.0,13.8,29
1367,PHO01,2023-08-12,104.4,82.7,0.0,10.2,27
1368,PHO01,2023-08-13,105.0,83.3,0.0,16.1,23
1369,PHO01,2023-08-14,106.5,82.8,0.0,6.5,23
1370,PHO01,2023-08-15,107.2,88.1,0.0,14.1,27
1371,PHO01,2023-08-16,111.3,88.4,0.0,15.8,25
1372,PHO01,2023-08-17,108.1,86.4,0.0,13.9,26
1373,PHO01,2023-08-18,103.9,84.6,0.0,15.1,34
1374,PHO01,2023-08-19,94.7,81.1,0.016,15.2,47
1375,PHO01,2023-08-20,100.2,79.1,0.079,24.5,51
1376,PHO01,2023-08-21,88.8,73.3,0.772,11.0,70
1377,PHO01,2023-08-22,99.3,73.6,0.0,10.0,54
1378,PHO01,2023-08-23,104.6,80.4,0.0,16.6,42
1379,PHO01,2023-08-24,102.1,80.3,0.0,9.6,37
1380,PHO01,2023-08-25,108.2,82.8,0.0,10.1,29
1381,PHO01,2023-08-26,109.6,85.6,0.0,18.4,25
1382,PHO01,2023-08-27,110.1,87.1,0.0,14.6,29
1383,PHO01,2023-08-28,113.2,88.9,0.0,9.7,22
1384,PHO01,2023-08-29,113.0,89.4,0.0,11.5,20
1385,PHO01,2023-08-30,110.2,88.6,0.0,9.1,21
1386,PHO01,2023-08-31,105.4,83.4,0.024,15.5,29
1387,PIT08,2023-06-30,81.3,63.9,0.024,7.7,78
1388,PIT08,2023-07-01,82.0,66.3,0.461,8.3,88
1389,PIT08,2023-07-02,82.3,67.2,0.339,13.3,88
1390,PIT08,2023-07-03,77.2,67.2,0.657,7.6,90
1391,PIT08,2023-07-04,82.7,65.4,0.035,5.5,83
1392,PIT08,2023-07-05,86.0,67.6,0.0,4.8,77
1393,PIT08,2023-07-06,86.8,67.7,0.012,10.0,79
1394,PIT08,2023-07-07,80.4,67.3,0.079,6.8,82
1395,PIT08,2023-07-08,84.6,60.6,0.0,5.6,67
1396,PIT08,2023-07-09,78.7,66.6,0.28,6.2,86
1397,PIT08,2023-07-10,81.4,61.0,0.024,6.8,76
1398,PIT08,2023-07-11,85.7,60.9,0.0,9.0,67
1399,PIT08,2023-07-12,85.8,64.6,0.02,7.3,67
1400,PIT08,2023-07-13,89.7,67.9,0.043,13.5,64
1401,PIT08,2023-07-14,82.6,67.8,0.059,6.5,81
1402,PIT08,2023-07-15,86.4,66.7,0.154,7.2,82
1403,PIT08,2023-07-16,82.0,67.1,0.028,7.4,81
1404,PIT08,2023-07-17,83.8,66.1,0.5,10.3,81
1405,PIT08,2023-07-18,79.5,65.9,0.11,8.0,82
1406,PIT08,2023-07-19,79.7,64.6,0.063,4.8,82
1407,PIT08,2023-07-20,83.3,64.5,0.492,7.9,79
1408,PIT08,2023-07-21,80.1,64.5,0.067,12.4,78
1409,PIT08,2023-07-22,78.4,58.3,0.008,5.1,73
1410,PIT08,2023-07-23,82.8,63.0,0.0,4.5,69
1411,PIT08,2023-07-24,85.3,63.4,0.004,7.4,69
1412,PIT08,2023-07-25,80.2,64.1,0.185,6.1,78
1413,PIT08,2023-07-26,89.0,64.7,0.209,10.0,73
1414,PIT08,2023-07-27,86.2,71.7,0.106,15.0,78
1415,PIT08,2023-07-28,89.3,70.2,0.335,12.0,85
1416,PIT08,2023-07-29,81.8,67.8,0.457,16.0,83
1417,PIT08,2023-07-30,78.3,61.2,0.028,5.0,81
1418,PIT08,2023-07-31,76.7,59.2,0.0,8.6,69
1419,PIT08,2023-08-01,78.9,58.5,0.008,7.3,69
1420,PIT08,2023-08-02,79.7,58.8,0.008,5.1,72
1421,PIT08,2023-08-03,82.7,62.5,0.02,5.2,73
1422,PIT08,2023-08-04,85.5,63.0,0.098,8.9,75
1423,PIT08,2023-08-05,81.7,60.4,0.0,6.1,73
1424,PIT08,2023-08-06,84.6,64.8,0.417,12.8,82
1425,PIT08,2023-08-07,79.2,66.7,0.795,13.9,91
1426,PIT08,2023-08-08,80.2,60.4,0.008,14.9,72
1427,PIT08,2023-08-09,80.5,62.2,0.008,8.4,73
1428,PIT08,2023-08-10,78.9,65.8,0.457,10.6,78
1429,PIT08,2023-08-11,80.0,62.4,0.031,8.5,71
1430,PIT08,2023-08-12,86.6,65.8,0.343,11.0,81
1431,PIT08,2023-08-13,82.3,65.6,0.012,8.5,76
1432,PIT08,2023-08-14,78.3,66.3,0.571,5.7,86
1433,PIT08,2023-08-15,77.9,65.9,0.13,10.3,80
1434,PIT08,2023-08-16,76.5,62.2,0.028,6.7,80
1435,PIT08,2023-08-17,80.0,61.2,0.217,13.0,77
1436,PIT08,2023-08-18,73.1,59.7,0.11,13.8,72
1437,PIT08,2023-08-19,76.6,54.0,0.0,5.3,69
1438,PIT08,2023-08-20,85.1,58.2,0.0,5.7,71
1439,PIT08,2023-08-21,88.8,64.2,0.0,7.7,76
1440,PIT08,2023-08-22,78.5,62.2,0.0,6.4,71
1441,PIT08,2023-08-23,83.2,59.7,0.0,8.5,71
1442,PIT08,2023-08-24,85.1,66.2,0.063,8.8,79
1443,PIT08,2023-08-25,84.3,68.4,0.248,11.3,86
1444,PIT08,2023-08-26,80.7,63.8,0.012,7.8,78
1445,PIT08,2023-08-27,80.0,60.1,0.004,6.9,76
1446,PIT08,2023-08-28,81.9,62.1,0.004,6.1,78
1447,PIT08,2023-08-29,80.3,63.9,0.059,7.5,85
1448,PIT08,2023-08-30,73.1,60.7,0.0,10.9,71
1449,PIT08,2023-08-31,76.1,56.8,0.0,8.6,66
1450,SAN02,2023-06-30,73.1,58.2,0.0,11.5,77
1451,SAN02,2023-07-01,72.1,61.9,0.0,11.2,81
1452,SAN02,2023-07-02,72.9,63.0,0.0,11.0,80
1453,SAN02,2023-07-03,72.9,61.5,0.0,11.4,80
1454,SAN02,2023-07-04,72.5,60.6,0.0,12.0,78
1455,SAN02,2023-07-05,71.0,59.6,0.0,11.4,75
1456,SAN02,2023-07-06,70.6,59.8,0.0,12.4,77
1457,SAN02,2023-07-07,70.2,59.5,0.0,11.9,75
1458,SAN02,2023-07-08,70.4,58.3,0.0,10.6,78
1459,SAN02,2023-07-09,71.2,58.0,0.0,10.8,76
1460,SAN02,2023-07-10,71.7,60.6,0.0,10.4,81
1461,SAN02,2023-07-11,75.0,61.2,0.0,10.4,78
1462,SAN02,2023-07-12,80.9,65.0,0.0,12.5,68
1463,SAN02,2023-07-13,79.2,65.9,0.0,11.6,68
1464,SAN02,2023-07-14,77.0,63.2,0.0,10.1,74
1465,SAN02,2023-07-15,73.1,62.8,0.0,10.6,83
1466,SAN02,2023-07-16,75.6,63.4,0.0,10.0,79
1467,SAN02,2023-07-17,76.2,64.4,0.0,9.7,77
1468,SAN02,2023-07-18,77.6,65.8,0.0,11.2,78
1469,SAN02,2023-07-19,78.8,66.1,0.0,12.2,75
1470,SAN02,2023-07-20,77.6,65.6,0.0,11.2,78
1471,SAN02,2023-07-21,75.4,64.2,0.0,10.0,80
1472,SAN02,2023-07-22,76.2,63.4,0.0,11.2,82
1473,SAN02,2023-07-23,73.7,63.5,0.0,10.8,84
1474,SAN02,2023-07-24,77.9,66.1,0.0,10.8,81
1475,SAN02,2023-07-25,78.0,65.2,0.0,11.5,81
1476,SAN02,2023-07-26,82.4,65.8,0.0,10.3,78
1477,SAN02,2023-07-27,81.3,65.0,0.0,12.1,80
1478,SAN02,2023-07-28,77.1,63.9,0.0,11.9,81
1479,SAN02,2023-07-29,78.0,65.8,0.0,11.7,79
1480,SAN02,2023-07-30,78.0,65.8,0.0,10.1,80
1481,SAN02,2023-07-31,77.8,66.9,0.0,12.5,76
1482,SAN02,2023-08-01,79.6,68.6,0.0,11.6,76
1483,SAN02,2023-08-02,78.4,67.7,0.0,13.3,78
1484,SAN02,2023-08-03,75.8,64.6,0.0,11.8,77
1485,SAN02,2023-08-04,75.9,62.4,0.0,11.0,76
1486,SAN02,2023-08-05,77.4,64.4,0.0,10.1,79
1487,SAN02,2023-08-06,76.7,63.3,0.0,10.0,81
1488,SAN02,2023-08-07,77.7,62.2,0.0,10.7,75
1489,SAN02,2023-08-08,79.5,66.7,0.024,11.1,70
1490,SAN02,2023-08-09,77.3,67.7,0.004,10.8,79
1491,SAN02,2023-08-10,74.6,67.9,0.0,11.0,79
1492,SAN02,2023-08-11,76.2,68.2,0.0,12.1,77
1493,SAN02,2023-08-12,76.1,67.4,0.0,11.6,78
1494,SAN02,2023-08-13,76.3,66.1,0.0,11.9,77
1495,SAN02,2023-08-14,76.3,66.2,0.0,11.0,79
1496,SAN02,2023-08-15,78.3,66.2,0.0,13.5,77
1497,SAN02,2023-08-16,82.9,67.4,0.0,15.5,74
1498,SAN02,2023-08-17,78.8,65.8,0.0,13.4,79
1499,SAN02,2023-08-18,77.0,62.9,0.0,12.2,81
1500,SAN02,2023-08-19,73.0,63.6,0.0,11.1,78
1501,SAN02,2023-08-20,77.1,66.5,1.528,23.4,89
1502,SAN02,2023-08-21,72.1,63.8,0.051,18.3,88
1503,SAN02,2023-08-22,74.0,62.0,0.0,10.9,91
1504,SAN02,2023-08-23,73.7,63.9,0.0,9.5,90
1505,SAN02,2023-08-24,72.8,64.6,0.0,12.3,88
1506,SAN02,2023-08-25,74.1,62.2,0.0,12.3,85
1507,SAN02,2023-08-26,76.7,61.6,0.0,13.0,82
1508,SAN02,2023-08-27,80.5,62.2,0.0,13.2,74
1509,SAN02,2023-08-28,83.6,65.3,0.0,10.7,73
1510,SAN02,2023-08-29,84.4,65.0,0.0,9.9,78
1511,SAN02,2023-08-30,77.8,65.8,0.0,10.2,86
1512,SAN02,2023-08-31,74.8,64.6,0.0,12.7,87
1513,SEA03,2023-06-30,76.3,58.6,0.0,12.6,71
1514,SEA03,2023-07-01,76.1,55.8,0.0,12.4,55
1515,SEA03,2023-07-02,74.1,55.7,0.0,12.8,57
1516,SEA03,2023-07-03,76.8,54.1,0.0,14.0,55
1517,SEA03,2023-07-04,83.0,58.0,0.0,12.2,50
1518,SEA03,2023-07-05,84.7,59.2,0.0,10.0,50
1519,SEA03,2023-07-06,84.6,61.2,0.0,8.9,58
1520,SEA03,2023-07-07,79.6,56.0,0.0,11.4,65
1521,SEA03,2023-07-08,74.8,55.9,0.0,9.7,66
1522,SEA03,2023-07-09,76.2,55.9,0.0,9.3,68
1523,SEA03,2023-07-10,70.7,55.5,0.0,12.1,64
1524,SEA03,2023-07-11,75.2,57.2,0.0,10.7,68
1525,SEA03,2023-07-12,75.3,57.3,0.004,10.4,72
1526,SEA03,2023-07-13,77.4,57.0,0.0,11.8,67
1527,SEA03,2023-07-14,81.4,57.8,0.0,11.2,60
1528,SEA03,2023-07-15,82.1,58.7,0.0,12.3,60
1529,SEA03,2023-07-16,80.4,59.1,0.0,13.4,64
1530,SEA03,2023-07-17,74.5,61.1,0.004,13.7,63
1531,SEA03,2023-07-18,75.9,56.8,0.0,14.0,62
1532,SEA03,2023-07-19,82.4,57.6,0.0,11.6,56
1533,SEA03,2023-07-20,84.8,61.2,0.0,8.1,58
1534,SEA03,2023-07-21,78.8,59.0,0.008,8.9,69
1535,SEA03,2023-07-22,79.2,59.5,0.0,15.2,68
1536,SEA03,2023-07-23,80.8,58.8,0.0,12.2,61
1537,SEA03,2023-07-24,72.6,60.1,0.173,15.7,76
1538,SEA03,2023-07-25,73.0,57.6,0.008,12.0,73
1539,SEA03,2023-07-26,72.9,57.1,0.0,11.5,65
1540,SEA03,2023-07-27,76.6,55.4,0.0,9.2,64
1541,SEA03,2023-07-28,78.0,59.0,0.0,12.6,68
1542,SEA03,2023-07-29,77.8,57.8,0.0,13.2,67
1543,SEA03,2023-07-30,75.8,59.4,0.0,10.5,61
1544,SEA03,2023-07-31,76.4,57.1,0.0,11.7,62
1545,SEA03,2023-08-01,78.5,56.5,0.0,12.0,62
1546,SEA03,2023-08-02,80.2,55.7,0.0,15.4,57
1547,SEA03,2023-08-03,79.6,57.9,0.0,11.0,63
1548,SEA03,2023-08-04,79.4,59.1,0.0,10.6,60
1549,SEA03,2023-08-05,75.3,62.8,0.016,8.4,75
1550,SEA03,2023-08-06,80.0,62.1,0.0,8.0,76
1551,SEA03,2023-08-07,75.7,64.6,0.028,8.6,75
1552,SEA03,2023-08-08,77.4,62.0,0.0,12.7,74
1553,SEA03,2023-08-09,78.3,61.7,0.142,15.6,74
1554,SEA03,2023-08-10,74.0,62.2,0.0,8.4,64
1555,SEA03,2023-08-11,77.4,59.3,0.0,10.3,66
1556,SEA03,2023-08-12,78.3,59.8,0.0,13.3,67
1557,SEA03,2023-08-13,82.8,62.2,0.0,15.8,61
1558,SEA03,2023-08-14,84.8,66.4,0.0,16.0,57
1559,SEA03,2023-08-15,88.3,65.0,0.0,12.4,55
1560,SEA03,2023-08-16,88.4,63.4,0.0,10.6,56
1561,SEA03,2023-08-17,89.0,64.9,0.0,9.8,58
1562,SEA03,2023-08-18,74.0,58.7,0.0,10.1,61
1563,SEA03,2023-08-19,75.3,57.0,0.0,16.0,61
1564,SEA03,2023-08-20,78.9,60.0,0.0,13.6,56
1565,SEA03,2023-08-21,76.8,55.9,0.0,6.2,61
1566,SEA03,2023-08-22,72.8,57.4,0.335,12.0,65
1567,SEA03,2023-08-23,72.6,58.0,0.134,11.0,71
1568,SEA03,2023-08-24,74.3,56.5,0.0,15.0,70
1569,SEA03,2023-08-25,81.2,59.6,0.031,13.0,65
1570,SEA03,2023-08-26,81.0,59.5,0.0,14.5,61
1571,SEA03,2023-08-27,83.2,59.1,0.0,9.3,61
1572,SEA03,2023-08-28,74.9,59.9,0.004,9.4,76
1573,SEA03,2023-08-29,68.3,60.3,0.382,8.9,84
1574,SEA03,2023-08-30,72.8,60.0,0.051,8.6,80
1575,SEA03,2023-08-31,67.0,60.0,0.043,12.9,82
1576,SFO03,2023-06-30,64.4,54.0,0.0,15.5,78
1577,SFO03,2023-07-01,67.8,53.6,0.0,14.7,77
1578,SFO03,2023-07-02,68.8,55.4,0.0,16.4,77
1579,SFO03,2023-07-03,62.9,55.4,0.0,17.4,85
1580,SFO03,2023-07-04,63.2,55.3,0.0,18.2,80
1581,SFO03,2023-07-05,63.0,55.4,0.0,17.3,80
1582,SFO03,2023-07-06,62.3,55.0,0.0,17.1,82
1583,SFO03,2023-07-07,62.2,53.8,0.0,23.0,80
1584,SFO03,2023-07-08,64.2,53.4,0.0,22.4,78
1585,SFO03,2023-07-09,62.7,53.5,0.0,22.6,80
1586,SFO03,2023-07-10,67.7,53.1,0.0,14.9,79
1587,SFO03,2023-07-11,64.8,53.8,0.0,15.1,80
1588,SFO03,2023-07-12,64.8,53.6,0.0,17.5,83
1589,SFO03,2023-07-13,68.4,55.4,0.0,18.9,77
1590,SFO03,2023-07-14,67.0,53.7,0.0,15.7,81
1591,SFO03,2023-07-15,64.4,53.0,0.0,13.2,80
1592,SFO03,2023-07-16,71.0,55.6,0.0,18.1,74
1593,SFO03,2023-07-17,68.4,56.3,0.0,16.8,72
1594,SFO03,2023-07-18,62.7,55.2,0.0,18.4,81
1595,SFO03,2023-07-19,61.6,54.7,0.0,16.1,84
1596,SFO03,2023-07-20,67.9,54.8,0.0,15.2,77
1597,SFO03,2023-07-21,74.5,55.4,0.0,13.6,70
1598,SFO03,2023-07-22,74.2,55.8,0.0,14.2,68
1599,SFO03,2023-07-23,71.2,58.0,0.0,21.2,71
1600,SFO03,2023-07-24,70.5,55.7,0.0,18.7,78
1601,SFO03,2023-07-25,72.5,56.7,0.0,14.1,76
1602,SFO03,2023-07-26,64.2,56.2,0.0,17.9,80
1603,SFO03,2023-07-27,66.7,56.1,0.0,21.3,76
1604,SFO03,2023-07-28,71.2,55.5,0.0,17.8,75
1605,SFO03,2023-07-29,69.9,55.4,0.0,17.7,76
1606,SFO03,2023-07-30,70.5,54.7,0.0,17.6,74
1607,SFO03,2023-07-31,69.5,55.3,0.0,18.9,77
1608,SFO03,2023-08-01,62.2,55.8,0.0,18.0,85
1609,SFO03,2023-08-02,65.7,56.3,0.0,19.8,84
1610,SFO03,2023-08-03,61.6,55.2,0.0,21.4,88
1611,SFO03,2023-08-04,67.6,55.0,0.0,16.6,83
1612,SFO03,2023-08-05,72.0,56.0,0.0,16.3,75
1613,SFO03,2023-08-06,79.1,57.7,0.0,16.7,67
1614,SFO03,2023-08-07,75.3,57.6,0.0,18.9,75
1615,SFO03,2023-08-08,65.2,57.0,0.0,18.7,86
1616,SFO03,2023-08-09,66.0,56.8,0.0,15.9,85
1617,SFO03,2023-08-10,64.4,57.2,0.0,17.8,87
1618,SFO03,2023-08-11,65.6,56.8,0.0,16.1,86
1619,SFO03,2023-08-12,64.9,56.1,0.0,15.5,85
1620,SFO03,2023-08-13,65.5,55.6,0.0,15.4,87
1621,SFO03,2023-08-14,66.8,55.3,0.0,15.1,84
1622,SFO03,2023-08-15,66.6,55.2,0.0,17.5,86
1623,SFO03,2023-08-16,67.5,58.0,0.0,17.2,88
1624,SFO03,2023-08-17,67.2,59.6,0.0,18.1,87
1625,SFO03,2023-08-18,69.3,60.3,0.0,16.6,83
1626,SFO03,2023-08-19,66.7,59.0,0.0,16.6,85
1627,SFO03,2023-08-20,76.9,58.3,0.0,15.1,77
1628,SFO03,2023-08-21,76.3,60.5,0.008,20.7,75
1629,SFO03,2023-08-22,72.8,61.7,0.0,14.8,80
1630,SFO03,2023-08-23,83.4,60.7,0.0,16.8,67
1631,SFO03,2023-08-24,74.2,61.9,0.0,18.6,77
1632,SFO03,2023-08-25,66.5,59.2,0.0,17.5,82
1633,SFO03,2023-08-26,66.3,58.8,0.0,19.0,79
1634,SFO03,2023-08-27,73.8,56.8,0.0,17.5,73
1635,SFO03,2023-08-28,76.4,57.4,0.0,18.1,71
1636,SFO03,2023-08-29,82.0,58.1,0.0,13.5,63
1637,SFO03,2023-08-30,83.9,57.4,0.0,16.6,65
1638,SFO03,2023-08-31,67.4,58.5,0.0,17.3,81
1639,STL10,2023-06-30,93.5,72.7,0.087,9.4,82
1640,STL10,2023-07-01,94.7,73.7,0.752,11.1,80
1641,STL10,2023-07-02,85.3,69.3,0.063,13.2,79
1642,STL10,2023-07-03,89.4,66.2,0.0,6.5,68
1643,STL10,2023-07-04,91.8,70.9,0.016,8.9,67
1644,STL10,2023-07-05,87.2,71.3,0.409,8.5,76
1645,STL10,2023-07-06,85.9,71.7,0.0,8.8,67
1646,STL10,2023-07-07,86.5,65.6,0.004,6.5,63
1647,STL10,2023-07-08,82.6,69.2,1.02,10.7,73
1648,STL10,2023-07-09,83.6,63.8,0.0,5.7,62
1649,STL10,2023-07-10,88.8,62.8,0.0,8.8,59
1650,STL10,2023-07-11,93.7,67.4,0.0,10.5,54
1651,STL10,2023-07-12,97.1,70.8,0.0,14.0,56
1652,STL10,2023-07-13,91.3,73.6,0.642,9.5,72
1653,STL10,2023-07-14,90.9,69.3,0.323,17.4,79
1654,STL10,2023-07-15,89.7,70.4,0.0,11.6,72
1655,STL10,2023-07-16,92.9,68.9,0.035,13.8,58
1656,STL10,2023-07-17,88.2,68.1,0.457,10.0,75
1657,STL10,2023-07-18,84.8,69.4,0.661,7.9,85
1658,STL10,2023-07-19,88.5,70.3,0.146,9.1,82
1659,STL10,2023-07-20,90.8,73.9,0.276,11.2,76
1660,STL10,2023-07-21,79.3,66.3,0.02,8.2,68
1661,STL10,2023-07-22,83.5,64.3,0.004,6.6,65
1662,STL10,2023-07-23,90.9,65.7,0.024,7.1,60
1663,STL10,2023-07-24,90.2,69.8,0.02,9.3,66
1664,STL10,2023-07-25,97.8,69.4,0.437,14.5,71
1665,STL10,2023-07-26,99.9,78.1,0.043,19.1,59
1666,STL10,2023-07-27,99.0,76.8,0.0,11.2,61
1667,STL10,2023-07-28,99.9,80.5,0.004,11.9,54
1668,STL10,2023-07-29,93.7,75.8,0.669,13.2,73
1669,STL10,2023-07-30,88.2,72.6,0.0,5.7,75
1670,STL10,2023-07-31,85.6,70.2,0.0,6.3,68
1671,STL10,2023-08-01,86.8,68.3,0.0,7.3,63
1672,STL10,2023-08-02,84.6,70.0,1.63,8.9,82
1673,STL10,2023-08-03,84.5,72.3,1.059,5.8,87
1674,STL10,2023-08-04,87.9,72.9,0.091,7.9,84
1675,STL10,2023-08-05,87.8,72.5,0.921,14.7,80
1676,STL10,2023-08-06,87.3,67.0,0.579,12.0,83
1677,STL10,2023-08-07,81.1,69.8,0.051,14.6,74
1678,STL10,2023-08-08,83.6,65.9,0.071,8.2,78
1679,STL10,2023-08-09,77.9,68.6,0.909,14.8,87
1680,STL10,2023-08-10,84.2,65.8,0.035,5.2,82
1681,STL10,2023-08-11,91.1,69.5,0.0,9.3,78
1682,STL10,2023-08-12,88.7,75.5,0.008,14.0,82
1683,STL10,2023-08-13,84.2,69.0,0.319,7.4,82
1684,STL10,2023-08-14,82.8,68.6,0.142,14.6,77
1685,STL10,2023-08-15,73.7,64.0,0.0,11.1,76
1686,STL10,2023-08-16,79.7,59.0,0.0,7.1,71
1687,STL10,2023-08-17,85.0,64.3,0.004,13.2,68
1688,STL10,2023-08-18,80.1,59.5,0.0,6.3,70
1689,STL10,2023-08-19,88.4,63.2,0.0,11.5,72
1690,STL10,2023-08-20,98.1,72.1,0.0,9.0,76
1691,STL10,2023-08-21,93.1,78.2,0.039,8.6,86
1692,STL10,2023-08-22,93.5,79.6,0.012,5.2,82
1693,STL10,2023-08-23,96.0,77.4,0.0,5.9,74
1694,STL10,2023-08-24,99.5,78.3,0.0,7.6,72
1695,STL10,2023-08-25,100.3,77.8,0.0,9.4,72
1696,STL10,2023-08-26,82.6,73.5,0.787,10.0,84
1697,STL10,2023-08-27,79.0,67.2,0.378,10.3,81
1698,STL10,2023-08-28,80.8,65.0,0.0,7.4,66
1699,STL10,2023-08-29,84.2,63.7,0.0,6.2,70
1700,STL10,2023-08-30,79.2,65.3,0.0,10.2,69
1701,STL10,2023-08-31,77.5,57.5,0.0,5.8,69
1702,STP01,2023-06-30,97.0,77.7,0.0,13.9,57
1703,STP01,2023-07-01,97.0,78.5,0.0,14.8,57
1704,STP01,2023-07-02,93.1,80.3,0.079,10.6,64
1705,STP01,2023-07-03,92.9,77.2,0.055,15.9,68
1706,STP01,2023-07-04,96.5,78.0,0.012,11.3,65
1707,STP01,2023-07-05,93.8,81.7,0.051,7.6,70
1708,STP01,2023-07-06,94.3,79.8,0.122,11.1,66
1709,STP01,2023-07-07,89.4,79.5,0.35,14.6,72
1710,STP01,2023-07-08,87.5,78.9,0.177,16.3,75
1711,STP01,2023-07-09,92.9,80.8,0.024,13.4,68
1712,STP01,2023-07-10,89.1,77.5,0.378,16.0,74
1713,STP01,2023-07-11,88.5,76.9,0.315,15.9,76
1714,STP01,2023-07-12,90.9,81.2,0.028,9.7,71
1715,STP01,2023-07-13,92.1,79.0,0.008,9.5,73
1716,STP01,2023-07-14,93.6,78.4,0.012,11.6,66
1717,STP01,2023-07-15,89.8,80.7,0.043,10.7,70
1718,STP01,2023-07-16,88.4,80.8,0.291,10.0,76
1719,STP01,2023-07-17,90.2,80.1,0.063,10.1,76
1720,STP01,2023-07-18,91.1,74.5,0.039,9.0,72
1721,STP01,2023-07-19,94.3,78.9,0.323,10.6,68
1722,STP01,2023-07-20,91.5,79.1,0.118,9.3,75
1723,STP01,2023-07-21,93.0,79.7,0.071,8.4,71
1724,STP01,2023-07-22,93.8,79.0,0.122,14.5,66
1725,STP01,2023-07-23,91.1,80.3,0.169,17.4,73
1726,STP01,2023-07-24,90.6,79.4,0.035,13.4,68
1727,STP01,2023-07-25,93.8,77.7,0.035,11.4,67
1728,STP01,2023-07-26,93.6,80.4,0.126,11.8,68
1729,STP01,2023-07-27,89.6,78.9,0.0,8.6,68
1730,STP01,2023-07-28,92.0,79.2,0.118,10.5,68
1731,STP01,2023-07-29,90.1,78.1,0.031,9.4,71
1732,STP01,2023-07-30,93.6,78.6,0.165,12.5,69
1733,STP01,2023-07-31,90.2,78.1,0.122,11.5,73
1734,STP01,2023-08-01,91.3,78.6,0.051,9.1,73
1735,STP01,2023-08-02,92.7,80.9,0.071,11.8,65
1736,STP01,2023-08-03,92.3,79.5,0.185,12.5,71
1737,STP01,2023-08-04,94.1,78.4,0.051,12.1,67
1738,STP01,2023-08-05,90.7,79.9,0.102,10.1,72
1739,STP01,2023-08-06,90.3,80.6,0.039,8.6,73
1740,STP01,2023-08-07,92.0,82.7,0.024,8.4,70
1741,STP01,2023-08-08,95.2,82.1,0.004,10.5,66
1742,STP01,2023-08-09,95.4,82.5,0.008,11.4,64
1743,STP01,2023-08-10,94.7,82.0,0.024,14.8,65
1744,STP01,2023-08-11,95.7,82.6,0.028,11.7,64
1745,STP01,2023-08-12,95.9,82.1,0.098,9.3,65
1746,STP01,2023-08-13,96.6,82.9,0.13,11.1,65
1747,STP01,2023-08-14,88.9,81.0,0.213,12.2,79
1748,STP01,2023-08-15,89.3,83.0,0.035,11.1,74
1749,STP01,2023-08-16,91.2,77.0,0.079,10.1,74
1750,STP01,2023-08-17,84.9,77.1,1.35,11.1,82
1751,STP01,2023-08-18,86.6,78.3,0.287,8.8,81
1752,STP01,2023-08-19,89.8,79.5,0.122,10.3,75
1753,STP01,2023-08-20,92.7,79.5,0.189,19.3,72
1754,STP01,2023-08-21,95.0,80.6,0.008,16.4,65
1755,STP01,2023-08-22,94.8,78.4,0.004,13.7,65
1756,STP01,2023-08-23,96.6,78.7,0.114,13.3,65
1757,STP01,2023-08-24,93.1,79.4,0.11,14.3,68
1758,STP01,2023-08-25,98.1,78.1,0.02,11.8,57
1759,STP01,2023-08-26,95.2,78.6,0.051,11.0,64
1760,STP01,2023-08-27,95.6,79.3,0.406,15.3,69
1761,STP01,2023-08-28,90.1,79.7,0.118,12.3,76
1762,STP01,2023-08-29,90.6,80.0,0.465,27.5,78
1763,STP01,2023-08-30,84.5,79.6,1.728,36.5,84
1764,STP01,2023-08-31,85.4,79.3,0.413,13.6,84
1765,TOR02,2023-06-30,75.9,64.7,0.004,9.2,79
1766,TOR02,2023-07-01,80.5,66.0,0.063,7.5,86
1767,TOR02,2023-07-02,75.4,68.1,0.122,6.1,93
1768,TOR02,2023-07-03,77.8,68.0,0.114,7.8,84
1769,TOR02,2023-07-04,84.1,64.6,0.004,10.0,74
1770,TOR02,2023-07-05,85.0,66.2,0.016,8.1,69
1771,TOR02,2023-07-06,84.8,68.2,0.248,8.2,78
1772,TOR02,2023-07-07,81.8,65.4,0.0,9.2,66
1773,TOR02,2023-07-08,75.6,58.2,0.028,13.2,71
1774,TOR02,2023-07-09,76.8,60.8,0.02,7.2,76
1775,TOR02,2023-07-10,79.3,60.2,0.004,10.8,65
1776,TOR02,2023-07-11,85.3,67.6,0.272,14.1,67
1777,TOR02,2023-07-12,76.3,56.6,0.035,9.5,67
1778,TOR02,2023-07-13,79.5,65.0,0.303,16.7,73
1779,TOR02,2023-07-14,76.5,57.4,0.008,8.4,77
1780,TOR02,2023-07-15,79.5,66.2,0.197,9.7,86
1781,TOR02,2023-07-16,78.5,66.4,1.138,12.2,86
1782,TOR02,2023-07-17,79.0,64.6,0.039,11.6,71
1783,TOR02,2023-07-18,78.1,61.1,0.122,10.7,72
1784,TOR02,2023-07-19,75.3,58.3,0.012,6.1,71
1785,TOR02,2023-07-20,79.5,61.9,0.343,11.2,81
1786,TOR02,2023-07-21,78.2,63.7,0.0,13.7,73
1787,TOR02,2023-07-22,81.5,61.2,0.0,8.9,63
1788,TOR02,2023-07-23,77.4,59.3,0.071,10.1,78
1789,TOR02,2023-07-24,80.0,63.4,0.118,8.7,81
1790,TOR02,2023-07-25,77.1,62.1,0.028,7.4,82
1791,TOR02,2023-07-26,84.4,66.4,0.028,15.2,75
1792,TOR02,2023-07-27,85.3,70.3,0.728,12.9,77
1793,TOR02,2023-07-28,83.6,65.9,0.0,10.1,82
1794,TOR02,2023-07-29,74.5,64.4,0.858,13.7,82
1795,TOR02,2023-07-30,72.7,58.2,0.031,7.1,72
1796,TOR02,2023-07-31,74.5,59.5,0.02,11.3,63
1797,TOR02,2023-08-01,74.0,57.0,0.0,10.4,66
1798,TOR02,2023-08-02,76.8,57.8,0.004,11.0,73
1799,TOR02,2023-08-03,80.9,64.7,0.89,12.3,78
1800,TOR02,2023-08-04,77.6,63.4,0.26,11.7,78
1801,TOR02,2023-08-05,75.8,62.6,0.0,9.6,69
1802,TOR02,2023-08-06,74.2,58.1,0.02,17.1,71
1803,TOR02,2023-08-07,78.6,66.4,0.22,17.0,85
1804,TOR02,2023-08-08,78.1,65.0,0.016,18.8,72
1805,TOR02,2023-08-09,81.4,61.5,0.0,8.6,68
1806,TOR02,2023-08-10,78.1,65.0,0.335,10.1,77
1807,TOR02,2023-08-11,75.4,59.0,0.0,11.0,71
1808,TOR02,2023-08-12,80.8,66.5,0.465,13.0,78
1809,TOR02,2023-08-13,78.4,59.9,0.0,12.1,71
1810,TOR02,2023-08-14,72.7,59.8,0.0,7.4,78
1811,TOR02,2023-08-15,74.0,65.4,0.185,11.4,79
1812,TOR02,2023-08-16,78.5,63.3,0.008,12.1,77
1813,TOR02,2023-08-17,77.2,64.1,0.303,16.5,78
1814,TOR02,2023-08-18,66.7,58.5,0.134,19.6,72
1815,TOR02,2023-08-19,78.2,56.9,0.0,11.8,62
1816,TOR02,2023-08-20,83.5,61.5,0.0,10.4,76
1817,TOR02,2023-08-21,77.0,64.7,0.0,10.5,72
1818,TOR02,2023-08-22,73.6,59.5,0.0,9.0,68
1819,TOR02,2023-08-23,68.9,62.4,0.102,8.8,80
1820,TOR02,2023-08-24,73.2,64.5,0.516,9.6,89
1821,TOR02,2023-08-25,78.4,65.8,0.453,9.6,81
1822,TOR02,2023-08-26,74.0,61.8,0.055,11.5,77
1823,TOR02,2023-08-27,67.8,55.2,0.004,9.7,72
1824,TOR02,2023-08-28,70.6,54.7,0.0,6.8,80
1825,TOR02,2023-08-29,73.1,54.2,0.0,7.5,82
1826,TOR02,2023-08-30,70.2,56.3,0.142,15.2,77
1827,TOR02,2023-08-31,67.6,51.8,0.0,9.4,68
1828,WAS11,2023-06-30,88.8,65.6,0.331,10.4,76
1829,WAS11,2023-07-01,86.3,68.2,0.185,8.7,84
1830,WAS11,2023-07-02,88.8,70.8,0.031,9.2,85
1831,WAS11,2023-07-03,90.7,73.0,1.535,9.9,79
1832,WAS11,2023-07-04,88.5,70.6,0.059,7.9,78
1833,WAS11,2023-07-05,90.0,72.1,0.024,7.2,73
1834,WAS11,2023-07-06,86.4,70.9,0.205,5.7,78
1835,WAS11,2023-07-07,86.1,71.8,0.224,6.5,83
1836,WAS11,2023-07-08,87.1,70.4,0.11,10.3,85
1837,WAS11,2023-07-09,81.9,70.3,0.193,9.2,89
1838,WAS11,2023-07-10,85.2,67.1,0.004,9.4,74
1839,WAS11,2023-07-11,89.3,66.7,0.0,7.4,57
1840,WAS11,2023-07-12,90.2,65.9,0.0,8.1,56
1841,WAS11,2023-07-13,94.6,70.1,0.083,11.9,62
1842,WAS11,2023-07-14,89.2,71.3,0.181,12.1,78
1843,WAS11,2023-07-15,88.0,69.5,0.461,11.2,86
1844,WAS11,2023-07-16,86.4,72.7,0.311,8.2,87
1845,WAS11,2023-07-17,92.3,71.1,0.0,10.5,64
1846,WAS11,2023-07-18,91.9,69.4,0.0,6.1,62
1847,WAS11,2023-07-19,88.3,71.9,0.055,7.5,72
1848,WAS11,2023-07-20,87.9,70.3,0.008,6.3,72
1849,WAS11,2023-07-21,89.2,70.2,0.161,8.9,67
1850,WAS11,2023-07-22,87.3,68.4,0.0,8.6,54
1851,WAS11,2023-07-23,88.2,65.0,0.008,6.3,58
1852,WAS11,2023-07-24,85.3,70.7,0.276,7.2,75
1853,WAS11,2023-07-25,85.5,70.5,0.543,8.4,84
1854,WAS11,2023-07-26,92.4,67.8,0.0,9.0,72
1855,WAS11,2023-07-27,100.6,74.1,0.02,13.1,67
1856,WAS11,2023-07-28,98.4,73.0,0.02,10.6,73
1857,WAS11,2023-07-29,100.1,74.3,0.035,14.7,66
1858,WAS11,2023-07-30,87.8,70.4,0.0,9.3,57
1859,WAS11,2023-07-31,86.4,66.4,0.201,7.2,61
1860,WAS11,2023-08-01,84.0,65.3,0.0,7.2,52
1861,WAS11,2023-08-02,82.6,62.6,0.0,8.8,57
1862,WAS11,2023-08-03,83.0,65.8,0.142,12.9,67
1863,WAS11,2023-08-04,80.6,65.8,0.028,7.8,80
1864,WAS11,2023-08-05,87.1,65.8,0.008,6.8,75
1865,WAS11,2023-08-06,90.1,67.8,0.335,10.4,74
1866,WAS11,2023-08-07,92.9,72.3,0.146,14.7,77
1867,WAS11,2023-08-08,87.6,71.4,0.004,15.1,64
1868,WAS11,2023-08-09,87.1,67.9,0.02,9.6,61
1869,WAS11,2023-08-10,80.2,70.9,0.24,12.8,82
1870,WAS11,2023-08-11,89.3,67.2,0.0,8.3,65
1871,WAS11,2023-08-12,91.6,68.0,0.004,9.2,64
1872,WAS11,2023-08-13,91.0,73.8,0.016,9.3,61
1873,WAS11,2023-08-14,90.5,70.9,0.543,9.1,76
1874,WAS11,2023-08-15,90.5,70.6,0.142,12.2,77
1875,WAS11,2023-08-16,85.6,68.0,0.0,8.0,66
1876,WAS11,2023-08-17,85.8,69.4,0.094,9.1,74
1877,WAS11,2023-08-18,84.7,70.7,0.043,11.5,62
1878,WAS11,2023-08-19,83.0,61.2,0.0,8.1,51
1879,WAS11,2023-08-20,89.1,59.8,0.0,6.5,60
1880,WAS11,2023-08-21,93.2,66.1,0.0,5.4,66
1881,WAS11,2023-08-22,84.6,67.6,0.0,10.1,56
1882,WAS11,2023-08-23,83.8,59.8,0.0,8.8,56
1883,WAS11,2023-08-24,86.5,68.4,0.177,8.9,63
1884,WAS11,2023-08-25,92.6,71.9,0.311,9.5,72
1885,WAS11,2023-08-26,90.0,72.6,0.02,9.1,76
1886,WAS11,2023-08-27,88.7,70.8,0.02,8.3,66
1887,WAS11,2023-08-28,78.3,70.2,0.15,9.8,86
1888,WAS11,2023-08-29,83.6,71.2,0.047,7.6,83
1889,WAS11,2023-08-30,87.1,71.7,0.012,10.1,66
1890,WAS11,2023-08-31,81.7,65.9,0.0,13.0,50
